,VendorID,pickup_date,pickup_time,drop_date,drop_time,Store_and_fwd_flag,RateCodeID,Pickup_longitude,Pickup_latitude,Dropoff_longitude,Dropoff_latitude,Passenger_count,Trip_distance,Fare_amount,Extra,MTA_tax,Tip_amount,Tolls_amount,Ehail_fee,improvement_surcharge,Total_amount,Payment_type,Trip_type ,pickup_time_hour,drop_time_hour,pickup_location,drop_location
0,2,1/1/16,21:30,1/1/16,21:39,N,1,-73.9697113,40.68439484,-73.93597412,40.68639374,1,2.01,9.0,0.5,0.5,2.06,0.0,,0.3,12.36,1,1,21,21,Brooklyn,Brooklyn
1,2,1/1/16,10:57,1/1/16,11:08,N,1,-73.95864105,40.69737244,-73.94545746,40.72310638,1,2.79,9.5,0.0,0.5,0.0,0.0,,0.3,10.3,2,1,10,11,Brooklyn,Brooklyn
2,2,1/1/16,0:26,1/1/16,0:43,N,1,-73.93571472,40.82770157,-73.89891815,40.83214951,2,2.58,12.5,0.5,0.5,0.0,0.0,,0.3,13.8,2,1,0,0,Manhattan,Bronx
3,2,1/1/16,11:33,1/1/16,11:39,N,1,-73.91168976,40.77536011,-73.87275696,40.77431107,1,3.32,11.0,0.0,0.5,2.36,0.0,,0.3,14.16,1,1,11,11,Queens,Queens County
4,2,1/1/16,2:48,1/1/16,3:07,N,1,-73.92514801,40.761886600000004,-73.98668671,40.77669907,1,4.67,18.0,0.5,0.5,3.09,0.0,,0.3,22.39,1,1,2,3,Queens,Manhattan
5,1,1/1/16,1:16,1/1/16,1:21,N,1,-73.88676453,40.74739075,-73.87678528,40.7450943,3,0.6,4.5,0.5,0.5,0.0,0.0,,0.3,5.8,2,1,1,1,Queens,Queens
6,2,1/1/16,2:42,1/1/16,2:49,N,1,-73.91661072,40.76183319,-73.91568756,40.77201843,5,1.05,6.5,0.5,0.5,0.0,0.0,,0.3,7.8,2,1,2,2,Queens,Queens
7,2,1/1/16,13:21,1/1/16,13:31,N,1,-73.94587708,40.80796814,-73.97408295,40.78831482,1,2.59,10.0,0.0,0.5,1.0,0.0,,0.3,11.8,1,1,13,13,Manhattan,Manhattan
8,1,1/1/16,20:27,1/1/16,20:30,N,1,-73.93616486,40.80624008,-73.94734192,40.7909317,1,1.2,5.5,0.5,0.5,0.0,0.0,,0.3,6.8,2,1,20,20,Manhattan,Manhattan
9,2,1/1/16,6:13,1/1/16,6:22,N,1,-73.95248413,40.78951263,-73.93961334,40.82522583,1,2.97,10.5,0.0,0.5,0.0,0.0,,0.3,11.3,2,1,6,6,Manhattan,Manhattan
10,1,1/1/16,19:54,1/1/16,19:55,N,1,-73.95944214,40.65354538,-73.95953369,40.65397263,1,0.0,2.5,0.5,0.5,0.0,0.0,,0.3,3.8,2,1,19,19,Brooklyn,Brooklyn
11,2,1/1/16,2:21,1/1/16,3:16,N,1,-73.93981171,40.70783234,-73.96487427,40.80336761,2,11.35,44.0,0.5,0.5,1.0,0.0,,0.3,46.3,1,1,2,3,Kings County,Manhattan
12,2,1/1/16,14:23,1/1/16,14:31,N,1,-73.87535095,40.76280594,-73.8576355,40.74398804,1,3.15,11.5,0.0,0.5,0.0,0.0,,0.3,12.3,2,1,14,14,Queens,Queens
13,2,1/1/16,13:30,1/1/16,13:38,N,1,-73.93931579999999,40.80555344,-73.95901489,40.80937576,1,1.37,7.5,0.0,0.5,0.0,0.0,,0.3,8.3,2,1,13,13,Manhattan,Manhattan
14,2,1/1/16,18:15,1/1/16,18:32,N,1,-73.95319366,40.80749512,-73.99431609999999,40.76635361,1,4.65,17.5,0.0,0.5,0.0,0.0,,0.3,18.3,2,1,18,18,Manhattan,Manhattan
15,2,1/1/16,0:57,1/1/16,1:21,N,1,-73.94996643,40.72220993,-73.92139435,40.69736862,1,4.48,18.0,0.5,0.5,3.86,0.0,,0.3,23.16,1,1,0,1,Brooklyn,Brooklyn
16,2,1/1/16,17:57,1/1/16,18:03,N,1,-73.91485596,40.75275421,-73.90584564,40.74552536,1,1.0,6.5,0.0,0.5,0.0,0.0,,0.3,7.3,2,1,17,18,Queens,Queens
17,2,1/1/16,15:27,1/1/16,15:55,N,1,-73.94172668,40.79876328,-73.99351501,40.74649811,1,4.92,20.5,0.0,0.5,0.0,0.0,,0.3,21.3,2,1,15,15,Manhattan,Manhattan
18,1,1/1/16,2:25,1/1/16,2:30,N,1,-73.85508728,40.7435112,-73.86442566,40.75318909,1,1.0,5.5,0.5,0.5,0.0,0.0,,0.3,6.8,2,1,2,2,Queens,Queens
19,2,1/1/16,4:00,1/1/16,4:13,N,1,-73.91100311,40.74449158,-73.87312317,40.73709869,1,2.34,10.5,0.5,0.5,2.36,0.0,,0.3,14.16,1,1,4,4,Queens,Queens
20,2,1/1/16,3:34,1/1/16,3:44,N,1,-73.96013641,40.6454277,-73.97713470000001,40.67227173,1,2.76,10.5,0.5,0.5,2.36,0.0,,0.3,14.16,1,1,3,3,Brooklyn,Brooklyn
21,2,1/1/16,14:57,1/1/16,14:58,N,1,-73.95939636,40.80138016,-73.95745087,40.80157852,1,0.42,3.5,0.0,0.5,0.0,0.0,,0.3,4.3,2,1,14,14,Manhattan,Manhattan
22,2,1/1/16,20:14,1/1/16,20:28,N,1,-73.95071411,40.68579483,-73.95605469,40.65220642,5,2.77,12.5,0.5,0.5,4.14,0.0,,0.3,17.94,1,1,20,20,Brooklyn,Brooklyn
23,2,1/1/16,22:16,1/1/16,22:22,N,1,-73.98654175,40.66930771,-74.01059723,40.67573547,1,1.43,7.0,0.5,0.5,0.0,0.0,,0.3,8.3,2,1,22,22,Brooklyn,Brooklyn
24,2,1/1/16,3:01,1/1/16,3:09,N,1,-73.83215332,40.71463394,-73.79728699,40.72654343,6,2.29,9.5,0.5,0.5,2.16,0.0,,0.3,12.96,1,1,3,3,Queens,Queens
25,2,1/1/16,3:44,1/1/16,3:55,N,1,-73.93193817,40.70629883,-73.95217133,40.71111679,1,1.84,9.5,0.5,0.5,0.0,0.0,,0.3,10.8,2,1,3,3,Brooklyn,Brooklyn
26,1,1/1/16,2:21,1/1/16,2:36,N,1,-73.91722107,40.84018707,-73.94152832,40.83586502,1,2.1,12.0,0.5,0.5,0.0,0.0,,0.3,13.3,2,1,2,2,Bronx,Manhattan
27,2,1/1/16,5:30,1/1/16,6:05,N,1,-73.86460876,40.73122787,-74.00608826,40.75507736,1,9.8,35.0,0.5,0.5,10.89,0.0,,0.3,47.19,1,1,5,6,Queens,Manhattan
28,2,1/1/16,7:39,1/1/16,7:53,N,1,-73.83054352,40.75949478,-73.8870163,40.74475479,2,6.67,20.0,0.0,0.5,0.0,0.0,,0.3,20.8,2,1,7,7,Queens,Queens
29,2,1/1/16,3:13,1/1/16,3:26,N,1,-73.95283508,40.80339813,-73.94234467,40.83789825,1,2.9,12.0,0.5,0.5,0.0,0.0,,0.3,13.3,2,1,3,3,Manhattan,Manhattan
30,1,1/1/16,22:00,1/1/16,22:07,N,1,-73.95050049,40.80238724,-73.95622253,40.81467438,2,1.2,7.0,0.5,0.5,0.0,0.0,,0.3,8.3,2,1,22,22,Manhattan,Manhattan
31,2,1/1/16,22:43,1/1/16,23:19,N,4,-73.91053009,40.77280807,-73.68693542,40.62625885,5,20.38,68.0,0.5,0.5,0.7,0.0,,0.3,70.0,1,1,22,23,Queens,Hempstead
32,2,1/1/16,3:45,1/1/16,3:53,N,1,-73.90379333,40.7455864,-73.89235687,40.75223923,1,1.01,7.0,0.5,0.5,0.0,0.0,,0.3,8.3,2,1,3,3,Queens,Queens
33,1,1/1/16,16:03,1/1/16,16:41,N,1,-73.92949677,40.67934799,-73.95458984,40.80907059,1,15.1,45.0,0.0,0.5,0.0,5.54,,0.3,51.34,1,1,16,16,Brooklyn,Manhattan
34,2,1/1/16,22:43,1/1/16,22:53,N,1,-73.95043182,40.80574036,-73.94906616,40.78846359,2,1.64,8.5,0.5,0.5,1.96,0.0,,0.3,11.76,1,1,22,22,Manhattan,Manhattan
35,2,1/1/16,3:24,1/1/16,3:33,N,1,-73.94078827,40.67998123,-73.91332245,40.69120789,2,2.08,8.5,0.5,0.5,1.96,0.0,,0.3,11.76,1,1,3,3,Brooklyn,Brooklyn
36,2,1/1/16,18:01,1/1/16,18:04,N,1,-73.95368958,40.79080582,-73.97171021,40.79502106,1,1.14,5.5,0.0,0.5,1.26,0.0,,0.3,7.56,1,1,18,18,Manhattan,Manhattan
37,2,1/1/16,17:19,1/1/16,17:30,N,1,-73.95665741,40.71883392,-73.94108582,40.70835876,1,1.61,8.5,0.0,0.5,0.0,0.0,,0.3,9.3,2,1,17,17,Brooklyn,Brooklyn
38,2,1/1/16,2:49,1/1/16,2:56,N,1,-73.97936249,40.6427536,-73.95685577,40.61846161,1,2.78,10.0,0.5,0.5,0.0,0.0,,0.3,11.3,2,1,2,2,Brooklyn,Brooklyn
39,2,1/1/16,18:56,1/1/16,19:03,N,1,-73.94051361,40.80888748,-73.94366455,40.79949188,1,1.24,7.0,0.0,0.5,1.56,0.0,,0.3,9.36,1,1,18,19,Manhattan,Manhattan
40,2,1/1/16,0:13,1/1/16,0:18,N,1,-73.90319824,40.75173187,-73.91016388,40.74480438,1,0.71,5.5,0.5,0.5,0.0,0.0,,0.3,6.8,2,1,0,0,Queens,Queens
41,2,1/1/16,22:41,1/1/16,22:45,N,1,-73.9960022,40.69064713,-73.9956131,40.69594574,6,0.44,4.5,0.5,0.5,1.74,0.0,,0.3,7.54,1,1,22,22,Brooklyn,Brooklyn
42,2,1/1/16,18:27,1/1/16,18:34,N,1,-73.9595108,40.81424332,-73.94482422,40.81085587,1,1.21,6.5,0.0,0.5,1.46,0.0,,0.3,8.76,1,1,18,18,Manhattan,Manhattan
43,2,1/1/16,3:57,1/1/16,4:04,N,1,-73.9447937,40.79995346,-73.92572784,40.80557251,6,1.65,7.5,0.5,0.5,0.0,0.0,,0.3,8.8,2,1,3,4,Manhattan,Bronx
44,1,1/1/16,2:09,1/1/16,2:29,N,1,-73.96413422,40.71047974,-73.91585541,40.69834137,4,3.7,15.5,0.5,0.5,0.0,0.0,,0.3,16.8,2,1,2,2,Brooklyn,Brooklyn
45,2,1/1/16,15:16,1/1/16,15:21,N,1,-73.94987488,40.80208588,-73.94148254,40.79032898,5,1.34,6.5,0.0,0.5,0.0,0.0,,0.3,7.3,2,1,15,15,Manhattan,Manhattan
46,1,1/1/16,6:26,1/1/16,6:29,N,1,-73.99845123,40.68187332,-73.99962616,40.67454910000001,1,0.8,4.5,0.0,0.5,0.0,0.0,,0.3,5.3,2,1,6,6,Brooklyn,Brooklyn
47,1,1/1/16,4:06,1/1/16,4:17,N,1,-73.88908386,40.74566269,-73.87401581,40.75049973,1,1.3,8.5,0.5,0.5,0.0,0.0,,0.3,9.8,2,1,4,4,Queens,Queens
48,2,1/1/16,0:43,1/1/16,0:49,N,1,-73.95693207,40.68754196,-73.96682739,40.68332291,1,1.21,6.5,0.5,0.5,0.0,0.0,,0.3,7.8,2,1,0,0,Brooklyn,Brooklyn
49,2,1/1/16,2:08,1/1/16,2:29,N,1,-73.9153595,40.76631546,-73.97412872,40.78728867,1,6.94,22.5,0.5,0.5,0.0,5.54,,0.3,29.34,2,1,2,2,Queens,Manhattan
50,2,1/1/16,3:49,1/1/16,4:05,N,1,-73.96085358,40.71497726,-73.97628021,40.68201447,1,5.76,19.5,0.5,0.5,0.0,0.0,,0.3,20.8,2,1,3,4,Brooklyn,Brooklyn
51,2,1/1/16,18:59,1/1/16,19:06,N,1,-73.84414673,40.72111893,-73.82833099,40.73041153,1,1.29,7.0,0.0,0.5,0.0,0.0,,0.3,7.8,2,1,18,19,Queens,Queens
52,2,1/1/16,18:27,1/1/16,18:32,N,1,-73.95344543,40.8069191,-73.93907928,40.80472183,6,0.95,5.5,0.0,0.5,1.89,0.0,,0.3,8.19,1,1,18,18,Manhattan,Manhattan
53,2,1/1/16,11:09,1/1/16,11:16,N,1,-73.93869019,40.80493546,-73.94267273,40.823246000000005,1,1.78,8.0,0.0,0.5,1.76,0.0,,0.3,10.56,1,1,11,11,Manhattan,Manhattan
54,2,1/1/16,0:30,1/1/16,0:57,N,1,-73.93153381,40.69504166,-73.92725372,40.75694656,1,5.78,22.0,0.5,0.5,2.5,0.0,,0.3,25.8,1,1,0,0,Brooklyn,Queens
55,2,1/1/16,1:58,1/1/16,2:07,N,1,-73.79290009,40.71079254,-73.8216629,40.69278717,1,2.61,10.0,0.5,0.5,0.0,0.0,,0.3,11.3,2,1,1,2,Queens,Queens
56,1,1/1/16,5:15,1/1/16,5:28,Y,1,-73.94849396,40.78908539,-73.97650146,40.74393082,1,3.7,13.5,0.5,0.5,0.0,0.0,,0.3,14.8,2,1,5,5,Manhattan,Manhattan
57,2,1/1/16,23:18,1/2/16,21:25,N,1,-73.90913391,40.77508163,-73.93478394,40.76939774,5,1.97,9.0,0.5,0.5,0.0,0.0,,0.3,10.3,1,1,23,21,Queens,Queens
58,1,1/1/16,17:05,1/1/16,17:09,N,1,-73.82305145,40.6866684,-73.81789398,40.69392776,2,0.8,5.0,0.0,0.5,0.0,0.0,,0.3,5.8,2,1,17,17,Queens,Queens
59,2,1/1/16,4:00,1/1/16,4:15,N,1,-73.99324799,40.66142654,-73.96689606,40.68386078,1,2.93,13.0,0.5,0.5,0.0,0.0,,0.3,14.3,2,1,4,4,Brooklyn,Brooklyn
60,1,1/1/16,16:06,1/1/16,16:30,N,1,-73.95109558,40.81004333,-74.00830841,40.74038696,1,7.4,25.5,0.0,0.5,1.7,0.0,,0.3,28.0,1,1,16,16,Manhattan,Manhattan
61,2,1/1/16,0:34,1/1/16,0:40,N,1,-73.8707962,40.75141525,-73.88426208,40.74764252,3,0.88,5.5,0.5,0.5,0.0,0.0,,0.3,6.8,2,1,0,0,Queens,Queens
62,1,1/1/16,1:43,1/1/16,2:17,N,1,-73.96448517,40.64136887,-73.93795013,40.85500336,1,19.6,53.0,0.5,0.5,0.0,0.0,,0.3,54.3,2,1,1,2,Brooklyn,Manhattan
63,1,1/1/16,4:42,1/1/16,4:50,N,1,-73.91710663,40.76123428,-73.90358734,40.74485779,1,1.8,8.0,0.5,0.5,0.0,0.0,,0.3,9.3,2,1,4,4,Queens,Queens
64,2,1/1/16,2:35,1/1/16,3:06,N,1,-73.95756531,40.72185516,-73.97623444,40.74074554,1,5.2,23.5,0.5,0.5,2.5,0.0,,0.3,27.3,1,1,2,3,Brooklyn,Manhattan
65,2,1/1/16,23:05,1/1/16,23:08,N,1,-73.95773315,40.71451569,-73.9473877,40.71141434,1,0.73,4.5,0.5,0.5,0.0,0.0,,0.3,5.8,2,1,23,23,Brooklyn,Brooklyn
66,2,1/1/16,19:39,1/1/16,19:53,N,1,-73.97049713,40.68947983,-73.92565155,40.70067978,1,3.01,12.0,0.5,0.5,0.0,0.0,,0.3,13.3,2,1,19,19,Brooklyn,Brooklyn
67,2,1/1/16,0:29,1/1/16,0:39,N,1,-73.92864227,40.68061066,-73.92427826,40.69804382,1,1.46,8.0,0.5,0.5,1.86,0.0,,0.3,11.16,1,1,0,0,Brooklyn,Brooklyn
68,2,1/1/16,4:20,1/1/16,4:37,N,1,-73.96250153,40.7126236,-73.98947144,40.72577667,1,3.43,15.0,0.5,0.5,3.26,0.0,,0.3,19.56,1,1,4,4,Brooklyn,Manhattan
69,2,1/1/16,13:55,1/1/16,14:00,N,1,-73.86299896,40.74921799,-73.87958527,40.75029373,5,0.92,5.0,0.0,0.5,0.0,0.0,,0.3,5.8,2,1,13,14,Queens,Queens
70,2,1/1/16,3:27,1/1/16,3:43,N,1,-73.99359894,40.6820488,-73.96031952,40.64622116,1,4.04,15.0,0.5,0.5,3.26,0.0,,0.3,19.56,1,1,3,3,Brooklyn,Brooklyn
71,2,1/1/16,21:07,1/1/16,21:21,N,1,-73.96208954,40.68252945,-73.99188995,40.72379684,1,3.78,14.5,0.5,0.5,0.0,0.0,,0.3,15.8,2,1,21,21,Brooklyn,Manhattan
72,2,1/1/16,3:19,1/1/16,3:36,N,1,-73.9068985,40.84868622,-73.8645401,40.86834717,1,4.16,16.0,0.5,0.5,0.0,0.0,,0.3,17.3,2,1,3,3,Bronx,Bronx
73,2,1/1/16,21:46,1/1/16,21:53,N,1,-73.87421417,40.73512268,-73.90050507,40.72327805,1,1.78,8.0,0.5,0.5,0.0,0.0,,0.3,9.3,2,1,21,21,Queens,Queens
74,2,1/1/16,20:24,1/1/16,20:29,N,1,-73.94343567,40.815433500000005,-73.94745636,40.82287598,1,0.78,5.5,0.5,0.5,0.0,0.0,,0.3,6.8,2,1,20,20,Manhattan,Manhattan
75,2,1/1/16,16:17,1/1/16,16:18,N,1,-73.91667938,40.7611084,-73.90756226,40.75695038,1,0.53,3.5,0.0,0.5,0.0,0.0,,0.3,4.3,2,1,16,16,Queens,Queens
76,2,1/1/16,9:34,1/1/16,9:57,N,1,-73.9547348,40.73287201,-73.9940567,40.75128555,1,6.17,21.5,0.0,0.5,4.46,0.0,,0.3,26.76,1,1,9,9,Brooklyn,Manhattan
77,1,1/1/16,4:00,1/1/16,4:15,N,1,-73.95131683,40.74307632,-73.92411041,40.77329636,1,2.8,12.5,0.5,0.5,3.0,0.0,,0.3,16.8,1,1,4,4,Queens County,Queens
78,1,1/1/16,16:42,1/1/16,16:51,N,1,-73.90071869,40.74594116,-73.914711,40.76381302,1,2.0,9.5,0.0,0.5,0.0,0.0,,0.3,10.3,2,1,16,16,Queens,Queens
79,2,1/1/16,18:38,1/1/16,18:40,N,1,-73.96602631,40.68886185,-73.97277832,40.69290543,1,0.61,4.0,0.0,0.5,1.44,0.0,,0.3,6.24,1,1,18,18,Brooklyn,Brooklyn
80,2,1/1/16,4:15,1/1/16,4:30,N,1,-73.90347290000001,40.74544144,-73.86959839,40.74777985,2,1.8,10.5,0.5,0.5,0.0,0.0,,0.3,11.8,2,1,4,4,Queens,Queens
81,2,1/1/16,21:29,1/1/16,21:33,N,1,-73.98435211,40.68669128,-73.98286438,40.68227005,1,0.44,4.5,0.5,0.5,1.16,0.0,,0.3,6.96,1,1,21,21,Brooklyn,Brooklyn
82,2,1/1/16,10:12,1/1/16,10:15,N,1,-73.93889618,40.79542923,-73.93373108,40.80268097,5,1.07,5.5,0.0,0.5,2.0,0.0,,0.3,8.3,1,1,10,10,Manhattan,Manhattan
83,2,1/1/16,19:10,1/1/16,19:13,N,1,-73.95021820000001,40.70661163,-73.94083405,40.70758057,5,0.51,4.5,0.0,0.5,1.06,0.0,,0.3,6.36,1,1,19,19,Williamsburg,Brooklyn
84,2,1/1/16,5:59,1/1/16,6:05,N,1,-73.92492676,40.8335762,-73.93997192,40.835186,1,1.37,6.5,0.5,0.5,0.0,0.0,,0.3,7.8,2,1,5,6,Bronx,New York
85,2,1/1/16,5:01,1/1/16,5:10,N,1,-73.88087463,40.82562256,-73.9017868,40.826229100000006,2,1.39,8.0,0.5,0.5,0.0,0.0,,0.3,9.3,2,1,5,5,Bronx,Bronx
86,2,1/1/16,3:36,1/1/16,3:43,N,1,-73.92378998,40.65259171,-73.94631958,40.65092468,1,1.17,7.0,0.5,0.5,0.0,0.0,,0.3,8.3,2,1,3,3,Brooklyn,Brooklyn
87,2,1/1/16,20:21,1/1/16,20:28,N,1,-73.99555206,40.69594193,-73.98603058,40.69259262,1,1.32,6.5,0.5,0.5,1.0,0.0,,0.3,8.8,1,1,20,20,Brooklyn,Downtown Brooklyn
88,2,1/1/16,1:56,1/1/16,2:09,N,1,-73.93878174,40.8223114,-73.95208740000001,40.80218124,1,1.71,10.0,0.5,0.5,0.0,0.0,,0.3,11.3,2,1,1,2,Manhattan,Manhattan
89,1,1/1/16,16:35,1/1/16,16:48,N,1,-73.98466492,40.68689728,-73.94137573,40.71318054,1,4.1,14.5,0.0,0.5,0.0,0.0,,0.3,15.3,2,1,16,16,Brooklyn,Brooklyn
90,1,1/1/16,3:20,1/1/16,3:49,N,1,-73.94387817,40.73244858,-74.08261871,40.63047028,1,16.8,45.5,0.5,0.5,0.0,11.08,,0.3,57.88,2,1,3,3,Brooklyn,Staten Island
91,1,1/1/16,20:32,1/1/16,21:05,N,1,-73.94983673,40.67745972,-73.98650359999999,40.75603867,2,9.8,33.5,0.5,0.5,2.0,0.0,,0.3,36.8,1,1,20,21,Brooklyn,Manhattan
92,2,1/1/16,15:50,1/1/16,15:58,N,1,-73.97740936,40.62639618,-73.97257996,40.63684082,1,1.11,7.0,0.0,0.5,2.34,0.0,,0.3,10.14,1,1,15,15,Brooklyn,Brooklyn
93,2,1/1/16,4:43,1/1/16,4:58,N,1,-73.94322205,40.83163071,-73.90846252,40.81628418,1,2.63,12.0,0.5,0.5,0.0,0.0,,0.3,13.3,2,1,4,4,Manhattan,Bronx
94,2,1/1/16,4:48,1/1/16,4:51,N,1,-73.93534088,40.79613495,-73.93710327,40.80178452,1,0.57,4.0,0.5,0.5,0.0,0.0,,0.3,5.3,2,1,4,4,Manhattan,Manhattan
95,2,1/1/16,17:01,1/1/16,17:20,N,1,-73.87985992,40.87981033,-73.90563202,40.83368683,1,3.89,15.5,0.0,0.5,0.0,0.0,,0.3,16.3,2,1,17,17,Bronx,Bronx
96,2,1/1/16,0:38,1/1/16,1:03,N,1,-73.94512939,40.83243942,-73.89012146,40.82663727,1,3.61,18.0,0.5,0.5,0.0,0.0,,0.3,19.3,2,1,0,1,Manhattan,Bronx
97,1,1/1/16,3:35,1/1/16,3:41,N,1,-73.94643402,40.71793747,-73.95544434,40.73011017,3,1.1,6.5,0.5,0.5,1.55,0.0,,0.3,9.35,1,1,3,3,Brooklyn,Brooklyn
98,1,1/1/16,1:23,1/1/16,1:38,N,1,-73.95797729,40.72181320000001,-73.95568085,40.68261337,2,3.1,13.0,0.5,0.5,4.25,0.0,,0.3,18.55,1,1,1,1,Brooklyn,Brooklyn
99,2,1/1/16,0:36,1/2/16,0:27,N,1,-73.95501709,40.72236633,-73.94496155,40.70037079,1,2.05,9.0,0.5,0.5,2.06,0.0,,0.3,12.36,1,1,0,0,Brooklyn,Brooklyn
100,2,1/1/16,15:27,1/1/16,15:45,N,1,-73.94520569,40.83336639,-73.95215607,40.78130341,1,5.54,19.5,0.0,0.5,5.08,0.0,,0.3,25.38,1,1,15,15,Manhattan,Manhattan
101,2,1/1/16,22:41,1/1/16,23:05,N,1,-73.87181854,40.67494583,-73.95796967,40.66592026,1,5.46,20.5,0.5,0.5,0.0,0.0,,0.3,21.8,1,1,22,23,Brooklyn,Brooklyn
102,1,1/1/16,12:25,1/1/16,12:32,N,1,-73.95101166,40.7859726,-73.96956635,40.78520966,1,1.4,7.5,0.0,0.5,1.65,0.0,,0.3,9.95,1,1,12,12,Manhattan,New York
103,2,1/1/16,3:19,1/1/16,3:25,N,1,-73.95630646,40.71920776,-73.95426941,40.730430600000005,1,0.97,6.0,0.5,0.5,0.0,0.0,,0.3,7.3,2,1,3,3,Brooklyn,Brooklyn
104,2,1/1/16,12:27,1/1/16,12:31,N,1,-73.94509125,40.83403397,-73.94866943,40.82373047,1,1.07,5.5,0.0,0.5,0.0,0.0,,0.3,6.3,2,1,12,12,Manhattan,Manhattan
105,2,1/1/16,23:35,1/1/16,23:39,N,1,-73.94602203,40.80810928,-73.95651245,40.81372833,1,0.69,5.0,0.5,0.5,0.0,0.0,,0.3,6.3,2,1,23,23,Manhattan,Manhattan
106,2,1/1/16,18:35,1/1/16,18:39,N,1,-73.95159149,40.71380234,-73.95781708,40.72199249,2,0.74,5.0,0.0,0.5,1.16,0.0,,0.3,6.96,1,1,18,18,Brooklyn,Brooklyn
107,2,1/1/16,13:16,1/1/16,13:30,N,1,-73.92160797,40.8675499,-73.9966507,40.76311111,2,8.73,25.5,0.0,0.5,6.58,0.0,,0.3,32.88,1,1,13,13,Manhattan,Manhattan
108,2,1/1/16,0:49,1/1/16,0:57,N,1,-73.9582901,40.81052399,-73.94792175,40.82867813,1,1.47,7.5,0.5,0.5,0.0,0.0,,0.3,8.8,1,1,0,0,Manhattan,Manhattan
109,2,1/1/16,9:21,1/1/16,9:25,N,1,-73.94178772,40.81298828,-73.95166779,40.80962372,1,0.78,5.0,0.0,0.5,0.0,0.0,,0.3,5.8,2,1,9,9,Manhattan,Manhattan
110,1,1/1/16,17:18,1/1/16,17:18,N,1,-73.95587921,40.64078903,-73.95587921,40.64078903,1,4.7,2.5,0.0,0.5,30.0,0.0,,0.3,33.3,1,1,17,17,Brooklyn,Brooklyn
111,2,1/1/16,17:10,1/2/16,17:07,N,1,-73.92775726,40.69282532,-73.95143127,40.69285583,1,1.3,6.5,0.0,0.5,0.0,0.0,,0.3,7.3,1,1,17,17,Brooklyn,Brooklyn
112,2,1/1/16,0:35,1/1/16,0:49,N,1,-73.93793488,40.81627274,-73.89784241,40.88398361,1,5.72,18.5,0.5,0.5,0.0,0.0,,0.3,19.8,2,1,0,0,Manhattan,Bronx
113,2,1/1/16,3:10,1/1/16,3:43,N,1,-73.94213104,40.74734497,-73.99237823,40.74023438,1,7.15,26.5,0.5,0.5,0.0,0.0,,0.3,27.8,2,1,3,3,Queens,Manhattan
114,2,1/1/16,21:49,1/1/16,21:56,N,1,-73.98054504,40.67637253,-73.99485016,40.68019867,1,1.64,7.5,0.5,0.5,1.76,0.0,,0.3,10.56,1,1,21,21,Brooklyn,Brooklyn
115,2,1/1/16,5:12,1/1/16,5:50,N,1,-73.91775513,40.76986694,-74.02149200000001,40.62517166,6,22.89,62.0,0.5,0.5,0.0,0.0,,0.3,63.3,2,1,5,5,Queens,Brooklyn
116,2,1/1/16,2:23,1/1/16,2:29,N,1,-73.94223785,40.82240677,-73.93418884,40.84445572,1,2.06,8.0,0.5,0.5,0.0,0.0,,0.3,9.3,2,1,2,2,Manhattan,Manhattan
117,2,1/1/16,3:00,1/1/16,3:31,N,1,-73.94313812,40.82660675,-73.98532867,40.74866867,1,8.29,29.0,0.5,0.5,0.0,0.0,,0.3,30.3,2,1,3,3,Manhattan,Manhattan
118,2,1/1/16,9:47,1/1/16,9:57,N,1,-73.94834137,40.82971191,-73.94270325,40.81168365,1,2.15,9.5,0.0,0.5,0.0,0.0,,0.3,10.3,2,1,9,9,Manhattan,Manhattan
119,2,1/1/16,3:38,1/1/16,3:43,N,1,-73.91927338,40.74304581,-73.90500641,40.74528885,1,1.02,5.5,0.5,0.5,0.0,0.0,,0.3,6.8,2,1,3,3,Queens,Queens
120,1,1/1/16,2:21,1/1/16,2:35,N,1,-73.95892334,40.71356964,-73.94144440000001,40.69494247,1,2.3,11.0,0.5,0.5,0.0,0.0,,0.3,12.3,1,1,2,2,Brooklyn,Brooklyn
121,1,1/1/16,19:33,1/1/16,19:37,N,1,-73.94055939,40.67993164,-73.93876648,40.67526627,1,0.4,4.0,0.0,0.5,0.0,0.0,,0.3,4.8,2,1,19,19,Brooklyn,Brooklyn
122,2,1/1/16,9:31,1/1/16,9:39,N,1,-73.91015625,40.81356812,-73.91949463,40.832225799999996,1,2.0,8.5,0.0,0.5,0.0,0.0,,0.3,9.3,2,1,9,9,Bronx,Bronx
123,1,1/1/16,3:15,1/1/16,3:27,N,1,-73.7718811,40.76515579,-73.82285309,40.77690887,1,4.9,16.0,0.5,0.5,0.0,0.0,,0.3,17.3,2,1,3,3,Queens,Queens
124,2,1/1/16,0:37,1/1/16,0:51,N,1,-73.93782043,40.70862961,-73.98312378,40.72667313,1,3.6,14.0,0.5,0.5,0.0,0.0,,0.3,15.3,2,1,0,0,Brooklyn,Manhattan
125,1,1/1/16,8:34,1/1/16,8:59,N,1,-73.88593292,40.74385452,-73.9522171,40.78686905,1,6.9,24.5,0.0,0.5,5.05,0.0,,0.3,30.35,1,1,8,8,Queens,Manhattan
126,1,1/1/16,18:01,1/1/16,18:09,N,1,-73.89004517,40.74915314,-73.909935,40.7672081,1,2.4,9.5,0.0,0.5,0.0,0.0,,0.3,10.3,2,1,18,18,Queens,Queens
127,2,1/1/16,4:58,1/1/16,5:11,N,1,-73.96279144,40.71739578,-73.98257446,40.721241,2,2.78,12.0,0.5,0.5,0.0,0.0,,0.3,13.3,2,1,4,5,Brooklyn,Manhattan
128,2,1/1/16,5:12,1/1/16,5:18,N,1,-73.95774841,40.71455002,-73.94064331,40.71568679999999,1,0.96,6.0,0.5,0.5,0.0,0.0,,0.3,7.3,2,1,5,5,Brooklyn,Brooklyn
129,2,1/1/16,20:01,1/1/16,20:17,N,1,-73.94491577,40.80796814,-73.94921112,40.82053757,1,2.29,10.0,0.5,0.5,0.0,0.0,,0.3,11.3,1,1,20,20,Manhattan,Manhattan
130,2,1/1/16,19:52,1/1/16,20:04,N,1,-73.89549255,40.84659576,-73.89687347,40.86313629,1,2.02,11.0,0.0,0.5,0.0,0.0,,0.3,11.8,2,1,19,20,Bronx,Bronx
131,2,1/1/16,21:08,1/1/16,21:33,N,1,-73.92849731,40.76342392,-73.98720551,40.74497223,1,5.76,21.5,0.5,0.5,2.2,0.0,,0.3,25.0,1,1,21,21,Queens,Manhattan
132,2,1/1/16,18:48,1/1/16,19:08,N,1,-73.89675140000001,40.81574249,-73.91213989,40.86170197,1,6.59,23.5,0.0,0.5,6.08,0.0,,0.3,30.38,1,1,18,19,Bronx,Bronx
133,2,1/1/16,0:45,1/1/16,2:18,N,4,-73.99075317,40.69005585,-73.25498199,41.16955566,1,53.27,222.5,0.5,0.5,0.0,5.54,,0.3,229.34,1,1,0,2,Brooklyn,Fairfield County
134,2,1/1/16,1:46,1/2/16,1:44,N,1,-73.96071625,40.71881104,-73.98397827,40.72712326,1,3.28,19.0,0.5,0.5,0.0,0.0,,0.3,20.3,2,1,1,1,Brooklyn,Manhattan
135,2,1/1/16,16:30,1/1/16,16:35,N,1,-73.94298553,40.78965378,-73.95439911,40.7789917,5,1.1,5.5,0.0,0.5,0.0,0.0,,0.3,6.3,2,1,16,16,Manhattan,Manhattan
136,2,1/1/16,11:38,1/1/16,11:46,N,1,-73.93932343,40.84223938,-73.94632721,40.82460403,1,1.52,8.0,0.0,0.5,0.0,0.0,,0.3,8.8,2,1,11,11,Manhattan,Manhattan
137,2,1/1/16,22:45,1/1/16,22:54,N,1,-73.97785187,40.68475342,-73.99409485,40.6902771,1,1.12,7.5,0.5,0.5,1.5,0.0,,0.3,10.3,1,1,22,22,Kings County,Kings County
138,2,1/1/16,15:47,1/1/16,16:12,N,2,-73.93899536,40.8164711,-73.78028107,40.64528656,1,17.85,52.0,0.0,0.5,0.0,5.54,,0.3,58.34,2,1,15,16,Manhattan,Queens County
139,2,1/1/16,6:57,1/1/16,7:03,N,1,-73.94946289,40.80184555,-73.94247437,40.79711151,5,0.57,5.5,0.0,0.5,0.0,0.0,,0.3,6.3,2,1,6,7,Manhattan,Manhattan
140,2,1/1/16,0:34,1/2/16,0:17,N,1,-73.98697662,40.69617844,-73.95566559,40.72184372,5,3.39,13.0,0.5,0.5,0.0,0.0,,0.3,14.3,2,1,0,0,Brooklyn,Brooklyn
141,2,1/1/16,3:26,1/1/16,3:46,N,1,-73.93164063,40.68041611,-73.95827484,40.71343613,1,4.16,16.5,0.5,0.5,2.0,0.0,,0.3,19.8,1,1,3,3,Brooklyn,Brooklyn
142,1,1/1/16,17:19,1/1/16,17:55,N,1,-73.9464035,40.80809784,-73.97161102,40.74977875,2,5.1,25.0,0.0,0.5,0.0,0.0,,0.3,25.8,2,1,17,17,Manhattan,Manhattan
143,2,1/1/16,3:40,1/1/16,3:44,N,1,-73.97858429,40.68418121,-73.99034119,40.68667603,1,0.75,4.5,0.5,0.5,0.0,0.0,,0.3,5.8,1,1,3,3,Brooklyn,Brooklyn
144,2,1/1/16,14:10,1/1/16,14:14,N,1,-73.96109009,40.69409561,-73.94947815,40.69020844,1,0.92,5.0,0.0,0.5,0.0,0.0,,0.3,5.8,2,1,14,14,Brooklyn,Brooklyn
145,2,1/1/16,18:29,1/1/16,18:43,N,1,-73.95871735,40.74288177,-73.91401672,40.74610138,3,2.8,12.0,0.0,0.5,2.56,0.0,,0.3,15.36,1,1,18,18,Queens,Queens
146,1,1/1/16,4:29,1/1/16,4:52,N,1,-73.95810699,40.72158813,-73.94228363,40.78649521,2,7.0,22.0,0.5,0.5,2.7,0.0,,0.3,26.0,1,1,4,4,Brooklyn,Manhattan
147,1,1/1/16,0:12,1/1/16,0:36,N,1,-73.98901367,40.68854523,-73.93578339,40.84154129,2,14.7,41.0,0.5,0.5,12.65,0.0,,0.3,54.95,1,1,0,0,Brooklyn,Manhattan
148,2,1/1/16,3:49,1/1/16,4:05,N,1,-73.95254517,40.72676849,-73.92784882,40.69556046,1,2.84,12.5,0.5,0.5,2.76,0.0,,0.3,16.56,1,1,3,4,Brooklyn,Brooklyn
149,1,1/1/16,6:25,1/1/16,6:29,N,1,-73.88388824,40.74757767,-73.87408447,40.74431229,1,0.7,5.0,0.0,0.5,0.0,0.0,,0.3,5.8,2,1,6,6,Queens,Queens
150,2,1/1/16,1:05,1/1/16,1:15,N,1,-73.94008636,40.75032806,-73.93367004,40.76541138,2,1.78,8.5,0.5,0.5,1.96,0.0,,0.3,11.76,1,1,1,1,Queens,Queens
151,1,1/1/16,1:14,1/1/16,1:21,N,1,-73.90710449,40.88640213,-73.90770721,40.91151428,1,2.2,9.0,0.5,0.5,0.0,0.0,,0.3,10.3,2,1,1,1,Bronx,Bronx County
152,2,1/1/16,3:35,1/1/16,3:54,N,1,-73.95816803,40.71746445,-73.95034790000001,40.65861893,2,4.46,16.5,0.5,0.5,0.0,0.0,,0.3,17.8,2,1,3,3,Brooklyn,Brooklyn
153,2,1/1/16,4:32,1/1/16,4:44,N,1,-73.85736084,40.69259262,-73.85876465,40.73539734,1,3.62,13.0,0.5,0.5,0.0,0.0,,0.3,14.3,2,1,4,4,Queens,Queens
154,2,1/1/16,4:50,1/1/16,4:53,N,1,-73.96887207,40.63929749,-73.97450256,40.64784622,1,0.85,4.5,0.5,0.5,1.16,0.0,,0.3,6.96,1,1,4,4,Brooklyn,Kings County
155,1,1/1/16,3:46,1/1/16,4:07,N,1,-73.95049286,40.70734024,-74.00405121,40.65136337,1,7.6,26.5,0.5,0.5,6.95,0.0,,0.3,34.75,1,1,3,4,Brooklyn,Kings County
156,2,1/1/16,22:20,1/1/16,22:29,N,1,-73.93857574,40.79588318,-73.97420502,40.79073334,1,2.69,10.0,0.5,0.5,0.0,0.0,,0.3,11.3,2,1,22,22,Manhattan,Manhattan
157,1,1/1/16,13:58,1/1/16,14:13,N,1,-73.94058228,40.79710388,-73.93529509999999,40.85123825,1,4.7,16.5,0.0,0.5,0.0,0.0,,0.3,17.3,3,1,13,14,Manhattan,Manhattan
158,1,1/1/16,1:36,1/1/16,1:48,Y,1,-73.95699309999999,40.67345428,-73.96022034,40.69002914,4,2.4,10.5,0.5,0.5,0.0,0.0,,0.3,11.8,2,1,1,1,Brooklyn,Brooklyn
159,2,1/1/16,1:05,1/1/16,1:23,N,1,-73.88317871,40.75390244,-73.95816803,40.71717453,1,5.52,19.0,0.5,0.5,0.0,0.0,,0.3,20.3,2,1,1,1,Queens,Brooklyn
160,2,1/1/16,1:12,1/1/16,1:21,N,1,-73.96936035,40.69316483,-73.94052887,40.68119812,1,2.46,9.5,0.5,0.5,2.16,0.0,,0.3,12.96,1,1,1,1,Brooklyn,Brooklyn
161,1,1/1/16,22:02,1/1/16,22:02,N,1,-73.94300079,40.81112289,-73.94300079,40.81112289,1,0.5,2.5,0.5,0.5,0.0,0.0,,0.3,3.8,3,1,22,22,Manhattan,Manhattan
162,2,1/1/16,5:28,1/1/16,5:32,N,1,-73.93123627,40.69458771,-73.92962646,40.70093155,1,1.11,5.5,0.5,0.5,0.0,0.0,,0.3,6.8,2,1,5,5,Brooklyn,Brooklyn
163,1,1/1/16,15:16,1/1/16,15:21,N,1,-73.91784668,40.76519394,-73.90700531,40.7587471,1,0.8,5.5,0.0,0.5,0.0,0.0,,0.3,6.3,2,1,15,15,Queens,Queens
164,1,1/1/16,20:46,1/1/16,21:07,N,1,-73.97598267,40.68688965,-73.95161438,40.72333908,1,4.2,17.5,0.5,0.5,0.0,0.0,,0.3,18.8,2,1,20,21,Brooklyn,Brooklyn
165,2,1/1/16,22:14,1/1/16,22:46,N,1,-73.95795441,40.60878754,-73.75616455,40.66378403,1,16.22,45.5,0.5,0.5,0.0,0.0,,0.3,46.8,2,1,22,22,Kings County,Queens
166,2,1/1/16,1:23,1/1/16,1:33,N,1,-73.97337341,40.68590164,-73.99207306,40.71878433,1,2.78,11.0,0.5,0.5,1.0,0.0,,0.3,13.3,1,1,1,1,Brooklyn,Manhattan
167,2,1/1/16,4:12,1/1/16,4:31,N,5,-73.93479919,40.85200119,-73.91142273,40.88425064,1,3.6,12.0,0.0,0.0,0.0,0.0,,0.0,12.0,2,2,4,4,Manhattan,Bronx
168,2,1/1/16,23:43,1/1/16,23:59,N,1,-73.97856903,40.68427277,-74.00487518,40.64691925,2,3.18,14.0,0.5,0.5,3.06,0.0,,0.3,18.36,1,1,23,23,Brooklyn,Brooklyn
169,1,1/1/16,4:15,1/1/16,4:24,N,1,-73.92478179999999,40.82772446,-73.92386627,40.814525599999996,1,1.5,8.0,0.5,0.5,0.0,0.0,,0.3,9.3,2,1,4,4,Bronx,Bronx
170,2,1/1/16,4:52,1/1/16,5:07,N,1,-73.94429779,40.7070961,-73.96060944,40.67786789,1,3.42,13.0,0.5,0.5,0.0,0.0,,0.3,14.3,2,1,4,5,Brooklyn,Brooklyn
171,2,1/1/16,2:14,1/1/16,2:25,N,1,-73.98678589,40.68779373,-73.98013306,40.67629242,2,1.25,9.0,0.5,0.5,1.5,0.0,,0.3,11.8,1,1,2,2,Brooklyn,Brooklyn
172,2,1/1/16,21:15,1/1/16,21:19,N,1,-73.94420624,40.80930328,-73.93838501,40.81184387,1,0.62,4.5,0.5,0.5,0.0,0.0,,0.3,5.8,2,1,21,21,Manhattan,Manhattan
173,2,1/1/16,6:08,1/1/16,6:11,N,1,-73.89070129,40.74684143,-73.89073181,40.74684906,1,0.0,4.0,0.0,0.5,0.0,0.0,,0.3,4.8,2,1,6,6,Queens,Queens
174,2,1/1/16,13:53,1/1/16,13:58,N,1,-73.91168976,40.76451492,-73.9203949,40.75651169,1,0.95,5.5,0.0,0.5,1.58,0.0,,0.3,7.88,1,1,13,13,Queens,Queens
175,1,1/1/16,1:43,1/1/16,1:46,N,1,-73.94506073,40.80858231,-73.95182037,40.81048965,3,0.4,4.0,0.5,0.5,0.0,0.0,,0.3,5.3,2,1,1,1,Manhattan,Manhattan
176,1,1/1/16,2:26,1/1/16,2:38,N,1,-73.91510009999999,40.80588913,-73.91413879,40.84997177,1,5.0,15.5,0.5,0.5,0.0,0.0,,0.3,16.8,2,1,2,2,Bronx,Bronx
177,1,1/1/16,2:23,1/1/16,2:31,N,1,-74.01905823,40.64046478,-74.00958252,40.646595,1,1.1,7.5,0.5,0.5,0.0,0.0,,0.3,8.8,2,1,2,2,Brooklyn,Brooklyn
178,2,1/1/16,19:41,1/1/16,19:52,N,1,-73.89101409999999,40.74694824,-73.92053986,40.74317932,1,1.68,9.0,0.0,0.5,0.0,0.0,,0.3,9.8,2,1,19,19,Queens,Queens
179,2,1/1/16,21:32,1/1/16,21:42,N,1,-73.97507477,40.68094254,-73.99320984,40.6825943,1,1.63,8.5,0.5,0.5,1.96,0.0,,0.3,11.76,1,1,21,21,Brooklyn,Brooklyn
180,2,1/1/16,16:33,1/1/16,16:40,N,1,-73.95572662,40.80384445,-73.93947601,40.80516815,1,1.2,7.0,0.0,0.5,1.56,0.0,,0.3,9.36,1,1,16,16,Manhattan,Manhattan
181,1,1/1/16,1:26,1/1/16,1:28,N,1,-73.93400574,40.80230713,-73.93402863,40.79881287,1,0.3,3.5,0.5,0.5,0.0,0.0,,0.3,4.8,2,1,1,1,Manhattan,Manhattan
182,2,1/1/16,17:49,1/1/16,18:06,N,1,-73.95793152,40.72183609,-74.00009918,40.72933578,1,4.02,15.0,0.0,0.5,3.16,0.0,,0.3,18.96,1,1,17,18,Brooklyn,Manhattan
183,2,1/1/16,6:18,1/1/16,6:23,N,1,-73.91883087,40.7422905,-73.9251709,40.74707031,1,0.8,5.5,0.0,0.5,0.0,0.0,,0.3,6.3,2,1,6,6,Queens,Queens
184,2,1/1/16,1:09,1/1/16,1:39,N,1,-73.84409332,40.88565826,-73.92676544,40.83566666,1,8.31,28.5,0.5,0.5,0.0,0.0,,0.3,29.8,2,1,1,1,Bronx,Bronx
185,2,1/1/16,17:49,1/1/16,17:55,N,1,-73.95719147,40.71829987,-73.95114899,40.72879028,1,0.94,5.5,0.0,0.5,0.0,0.0,,0.3,6.3,2,1,17,17,Brooklyn,Brooklyn
186,2,1/1/16,5:16,1/1/16,5:37,N,1,-73.96643829,40.71154785,-73.96630096,40.71129227,1,3.27,15.0,0.5,0.5,0.0,0.0,,0.3,16.3,2,1,5,5,Brooklyn,Brooklyn
187,2,1/1/16,6:14,1/1/16,6:27,N,1,-73.9099884,40.84579849,-73.9466629,40.82666016,1,4.18,14.5,0.0,0.5,2.0,0.0,,0.3,17.3,1,1,6,6,Bronx,Manhattan
188,2,1/1/16,8:34,1/1/16,8:44,N,1,-73.93297577,40.70936584,-73.90691376,40.69245529,1,2.25,9.5,0.0,0.5,2.06,0.0,,0.3,12.36,1,1,8,8,Brooklyn,Brooklyn
189,2,1/1/16,1:16,1/1/16,1:33,N,1,-73.9620285,40.71993256,-73.92181396,40.76700974,1,4.7,16.5,0.5,0.5,5.34,0.0,,0.3,23.14,1,1,1,1,Brooklyn,Queens
190,2,1/1/16,16:11,1/1/16,16:15,N,1,-73.91994476,40.8262558,-73.92861176,40.83177185,1,0.68,4.5,1.0,0.5,0.0,0.0,,0.3,6.3,2,1,16,16,Bronx,Bronx
191,2,1/1/16,13:50,1/1/16,14:10,N,1,-73.95432281,40.73381805,-73.98874664,40.76927185,1,5.1,19.5,0.0,0.5,4.06,0.0,,0.3,24.36,1,1,13,14,Brooklyn,Manhattan
192,2,1/1/16,19:17,1/1/16,19:45,N,1,-73.94553375,40.80757904,-73.90930939,40.7088089,1,11.18,33.5,0.0,0.5,6.86,0.0,,0.3,41.16,1,1,19,19,Manhattan,Queens
193,1,1/1/16,1:28,1/1/16,1:58,N,1,-74.03067779999999,40.61711121,-73.91957855,40.765106200000005,1,16.0,45.5,0.5,0.5,11.7,0.0,,0.3,58.5,1,1,1,1,Brooklyn,Queens
194,2,1/1/16,22:13,1/1/16,22:49,N,5,-73.83330536,40.67328262,-73.97322845,40.76377106,2,12.18,65.0,0.0,0.0,0.0,0.0,,0.0,65.0,2,2,22,22,Queens County,Manhattan
195,2,1/1/16,15:05,1/1/16,15:34,N,1,-73.92984772,40.75638199,-73.83203888,40.68015671,1,12.5,37.0,0.0,0.5,3.0,0.0,,0.3,40.8,1,1,15,15,Queens,Queens
196,2,1/1/16,17:43,1/1/16,17:51,N,1,-73.97552490000001,40.67431641,-73.97502136,40.68951035,1,1.11,7.0,0.0,0.5,0.0,0.0,,0.3,7.8,2,1,17,17,Brooklyn,Brooklyn
197,2,1/1/16,18:40,1/1/16,18:45,N,1,-73.91042328,40.77589417,-73.89450073,40.76838303,1,1.04,6.0,0.0,0.5,1.0,0.0,,0.3,7.8,1,1,18,18,Queens,Queens
198,2,1/1/16,11:44,1/1/16,11:56,N,1,-73.96221161,40.71869659,-73.99497223,40.72314835,1,3.06,12.0,0.0,0.5,3.2,0.0,,0.3,16.0,1,1,11,11,Brooklyn,Manhattan
199,2,1/1/16,0:35,1/1/16,0:41,N,1,-73.92092133,40.75652313,-73.9082489,40.75394058,1,0.96,6.0,0.5,0.5,0.0,0.0,,0.3,7.3,2,1,0,0,Queens,Queens
200,2,1/1/16,16:36,1/1/16,16:36,N,5,-73.89258575,40.76626587,-73.90830994,40.76886368,1,0.25,35.0,0.0,0.0,0.0,0.0,,0.0,35.0,2,2,16,16,Queens County,Queens County
201,2,1/1/16,11:51,1/1/16,12:01,N,1,-73.96197509999999,40.80534744,-73.98717499,40.77037811,1,3.05,11.0,0.0,0.5,2.36,0.0,,0.3,14.16,1,1,11,12,Manhattan,Manhattan
202,2,1/1/16,2:04,1/1/16,2:17,N,1,-73.95584869,40.71408081,-73.98622894,40.69222641,1,3.2,13.5,0.5,0.5,0.0,0.0,,0.3,14.8,1,1,2,2,Brooklyn,Brooklyn
203,2,1/1/16,3:19,1/1/16,3:41,N,1,-73.89951324,40.81822968,-73.84187317,40.91299057,1,12.3,35.5,0.5,0.5,0.0,0.0,,0.3,36.8,2,1,3,3,Bronx,Mount Vernon
204,1,1/1/16,5:10,1/1/16,5:12,N,1,-73.94172668,40.79846191,-73.9486084,40.79075241,1,0.7,4.0,0.5,0.5,0.0,0.0,,0.3,5.3,3,1,5,5,Manhattan,Manhattan
205,2,1/1/16,19:09,1/1/16,19:22,N,1,-73.9526825,40.72705841,-73.94694519,40.68738556,1,4.0,13.5,0.0,0.5,2.86,0.0,,0.3,17.16,1,1,19,19,Brooklyn,Brooklyn
206,1,1/1/16,14:17,1/1/16,14:30,N,1,-73.96270752,40.71728516,-73.98672485,40.7037468,5,3.0,11.5,0.0,0.5,0.0,0.0,,0.3,12.3,2,1,14,14,Brooklyn,Brooklyn
207,2,1/1/16,3:52,1/1/16,4:24,N,1,-73.91518402,40.77019119,-74.00437164,40.70750809,2,15.95,44.5,0.5,0.5,0.0,0.0,,0.3,45.8,2,1,3,4,Queens,Manhattan
208,2,1/1/16,23:57,1/2/16,0:14,N,1,-73.94022369,40.78934479,-73.95494843,40.81832123,1,2.74,13.5,0.5,0.5,0.0,0.0,,0.3,14.8,2,1,23,0,Manhattan,Manhattan
209,2,1/1/16,9:19,1/1/16,9:34,N,1,-73.92911529999999,40.70818329,-73.98477936,40.73229599,1,4.79,16.0,0.0,0.5,0.0,0.0,,0.3,16.8,2,1,9,9,Brooklyn,Manhattan
210,2,1/1/16,7:53,1/1/16,7:59,N,1,-73.94579315,40.676651,-73.92394257,40.67290115,1,1.75,7.5,0.0,0.5,2.08,0.0,,0.3,10.38,1,1,7,7,Brooklyn,Brooklyn
211,1,1/1/16,2:19,1/1/16,3:06,N,1,-73.94685364,40.67863846,-73.99810028,40.740734100000005,1,6.8,31.5,0.5,0.5,3.0,0.0,,0.3,35.8,1,1,2,3,Brooklyn,Manhattan
212,2,1/1/16,0:23,1/1/16,0:33,N,1,-73.88484192,40.74751663,-73.86438751,40.75316238,1,1.4,7.5,0.5,0.5,0.0,0.0,,0.3,8.8,2,1,0,0,Queens,Queens
213,2,1/1/16,20:40,1/1/16,20:46,N,1,-73.95270538,40.71083832,-73.96546173,40.71079636,1,0.77,5.5,0.5,0.5,0.0,0.0,,0.3,6.8,2,1,20,20,Brooklyn,Brooklyn
214,2,1/1/16,4:55,1/1/16,5:03,N,1,-73.93005371,40.69750977,-73.95000458,40.70664215,2,1.46,7.5,0.5,0.5,0.0,0.0,,0.3,8.8,2,1,4,5,Brooklyn,Brooklyn
215,2,1/1/16,4:44,1/1/16,5:02,N,1,-73.94265747,40.72084045,-73.91888428,40.69999313,1,3.05,13.5,0.5,0.5,0.0,0.0,,0.3,14.8,2,1,4,5,Brooklyn,Brooklyn
216,2,1/1/16,3:16,1/1/16,3:49,N,1,-73.9107666,40.68540955,-73.98825836,40.72660828,1,5.87,25.0,0.5,0.5,6.58,0.0,,0.3,32.88,1,1,3,3,Brooklyn,Manhattan
217,1,1/1/16,11:37,1/1/16,11:55,N,1,-73.98750305,40.69129181,-73.92779541,40.66222,1,4.4,16.5,0.0,0.5,0.0,0.0,,0.0,17.0,2,1,11,11,Brooklyn,Brooklyn
218,2,1/1/16,3:27,1/1/16,3:40,N,1,-73.94208527,40.79548645,-73.89952087,40.81339264,1,3.17,13.0,0.5,0.5,3.58,0.0,,0.3,17.88,1,1,3,3,Manhattan,Bronx
219,1,1/1/16,2:10,1/1/16,2:23,N,1,-73.80767822,40.70026016,-73.7575531,40.68436432,1,3.7,13.0,0.5,0.5,0.0,0.0,,0.3,14.3,2,1,2,2,Queens,Queens
220,2,1/1/16,13:23,1/1/16,13:39,N,1,-73.8706665,40.73392487,-73.92726898,40.75543213,1,4.17,15.5,0.0,0.5,0.0,0.0,,0.3,16.3,2,1,13,13,Queens,Queens
221,2,1/1/16,15:29,1/1/16,15:32,N,1,-73.94488525,40.82366562,-73.93966675,40.8350563,1,0.83,5.0,0.0,0.5,0.0,0.0,,0.3,5.8,2,1,15,15,Manhattan,Manhattan
222,2,1/1/16,1:40,1/1/16,1:52,N,1,-73.83016968,40.71369171,-73.81516266,40.67030334,2,4.53,14.5,0.5,0.5,0.0,0.0,,0.3,15.8,2,1,1,1,Queens County,Queens
223,1,1/1/16,17:13,1/1/16,17:21,N,1,-73.91731262,40.82771683,-73.91403198,40.81244659,3,1.5,8.0,0.0,0.5,0.0,0.0,,0.3,8.8,2,1,17,17,Bronx,Bronx
224,2,1/1/16,2:09,1/1/16,2:16,N,1,-73.94942474,40.79638672,-73.94697571,40.78396606,1,1.17,7.0,0.5,0.5,1.66,0.0,,0.3,9.96,1,1,2,2,Manhattan,Manhattan
225,2,1/1/16,3:32,1/1/16,3:41,N,1,-73.91881561,40.76562881,-73.91487122,40.7529068,1,1.34,7.0,0.5,0.5,0.0,0.0,,0.3,8.3,2,1,3,3,Queens,Queens
226,1,1/1/16,1:44,1/1/16,2:03,N,1,-73.94241333,40.71188736,-73.95020294,40.65519333,3,4.3,16.0,0.5,0.5,3.45,0.0,,0.3,20.75,1,1,1,2,Brooklyn,Brooklyn
227,2,1/1/16,15:11,1/1/16,15:19,N,1,-73.97774506,40.68475342,-73.99287415,40.67068481,1,1.79,8.5,0.0,0.5,2.32,0.0,,0.3,11.62,1,1,15,15,Kings County,Brooklyn
228,2,1/1/16,2:13,1/1/16,2:22,N,1,-73.95039368,40.706707,-73.95868683,40.71570587,1,0.93,7.5,0.5,0.5,1.76,0.0,,0.3,10.56,1,1,2,2,Brooklyn,Brooklyn
229,2,1/1/16,6:57,1/1/16,7:03,N,1,-73.89101409999999,40.7469902,-73.86973572,40.76937866,5,2.96,10.0,0.0,0.5,0.0,0.0,,0.3,10.8,2,1,6,7,Queens,Queens
230,2,1/1/16,23:00,1/1/16,23:12,N,1,-73.98002625,40.67630386,-73.99365234,40.70059586,2,2.45,11.0,0.5,0.5,2.46,0.0,,0.3,14.76,1,1,23,23,Brooklyn,Brooklyn
231,2,1/1/16,3:39,1/1/16,3:56,N,1,-74.00427246,40.65432358,-74.03292084,40.61880112,1,3.26,14.0,0.5,0.5,0.0,0.0,,0.3,15.3,2,1,3,3,Brooklyn,Brooklyn
232,2,1/1/16,22:12,1/1/16,22:18,N,1,-73.92542267,40.76179123,-73.91492462,40.76028824,2,0.73,5.5,0.5,0.5,1.36,0.0,,0.3,8.16,1,1,22,22,Queens,Queens
233,2,1/1/16,22:31,1/1/16,22:42,N,1,-73.93910217,40.80507278,-73.95245361,40.77272034,1,2.88,11.0,0.5,0.5,2.46,0.0,,0.3,14.76,1,1,22,22,Manhattan,Manhattan
234,2,1/1/16,13:48,1/1/16,13:54,N,1,-73.97668457,40.68975449,-73.96802521,40.68008041,1,1.08,6.0,0.0,0.5,2.04,0.0,,0.3,8.84,1,1,13,13,Brooklyn,Brooklyn
235,2,1/1/16,4:11,1/1/16,5:03,N,1,-73.90892029,40.70515823,-73.99433899,40.66712570000001,1,8.1,34.5,0.5,0.5,0.0,0.0,,0.3,35.8,2,1,4,5,Queens,Brooklyn
236,2,1/1/16,6:08,1/2/16,4:46,N,1,-73.92298126,40.70670319,-73.94728851,40.63412857,1,6.47,21.0,0.0,0.5,0.0,0.0,,0.3,21.8,2,1,6,4,Brooklyn,Brooklyn
237,1,1/1/16,23:41,1/1/16,23:47,N,1,-73.95593262,40.71412659,-73.95137024,40.72467804,1,1.0,5.5,0.5,0.5,1.35,0.0,,0.3,8.15,1,1,23,23,Brooklyn,Brooklyn
238,2,1/1/16,5:14,1/1/16,5:20,N,1,-73.93763733,40.80452347,-73.95401764,40.81652832,1,1.39,6.5,0.5,0.5,0.0,0.0,,0.3,7.8,2,1,5,5,Manhattan,Manhattan
239,2,1/1/16,0:53,1/2/16,0:35,N,1,-73.99131775,40.70206833,-73.93281555,40.69350815,1,3.87,16.5,0.5,0.5,3.56,0.0,,0.3,21.36,1,1,0,0,Kings County,Brooklyn
240,2,1/1/16,21:31,1/1/16,21:41,N,1,-73.94258881,40.79444885,-73.91614532,40.84809113,1,5.33,16.0,0.5,0.5,3.46,0.0,,0.3,20.76,1,1,21,21,Manhattan,Bronx
241,1,1/1/16,22:16,1/1/16,22:25,N,1,-73.95349884,40.80174637,-73.97251892,40.793396,1,1.7,9.0,0.5,0.5,2.05,0.0,,0.3,12.35,1,1,22,22,Manhattan,Manhattan
242,2,1/1/16,1:15,1/1/16,1:41,N,1,-73.94550323,40.80192566,-74.00453949,40.74211121,1,7.1,25.5,0.5,0.5,5.36,0.0,,0.3,32.16,1,1,1,1,Manhattan,Manhattan
243,1,1/1/16,20:34,1/1/16,20:52,N,1,-73.98415375,40.68888092,-73.91678619,40.67156982,1,4.3,16.5,0.5,0.5,0.0,0.0,,0.3,17.8,2,1,20,20,Brooklyn,Brooklyn
244,2,1/1/16,20:33,1/1/16,20:34,N,1,-73.93818665,40.79204559,-73.93469238,40.79827881,1,0.5,3.5,0.5,0.5,1.2,0.0,,0.3,6.0,1,1,20,20,Manhattan,Manhattan
245,2,1/1/16,15:08,1/1/16,15:49,N,1,-73.96296692,40.71723557,-73.97857666,40.78323746,1,9.33,35.0,0.0,0.5,0.0,0.0,,0.3,35.8,2,1,15,15,Brooklyn,Manhattan
246,2,1/1/16,4:31,1/1/16,4:38,N,1,-73.95087433,40.72387314,-73.95773315,40.73498917,1,1.35,7.0,0.5,0.5,1.66,0.0,,0.3,9.96,1,1,4,4,Brooklyn,Brooklyn
247,2,1/1/16,6:58,1/2/16,6:45,N,1,-73.92147064,40.76688766,-73.9311142,40.77395248,2,0.83,5.5,0.0,0.5,0.0,0.0,,0.3,6.3,2,1,6,6,Queens,Queens
248,2,1/1/16,1:12,1/1/16,1:15,N,1,-73.92671967,40.818416600000006,-73.91729736,40.82128525,1,0.63,5.0,0.5,0.5,0.0,0.0,,0.3,6.3,2,1,1,1,Bronx,Bronx
249,2,1/1/16,2:38,1/1/16,2:42,N,1,-73.9467926,40.78822327,-73.95219421,40.80306244,2,1.49,6.5,0.5,0.5,0.0,0.0,,0.3,7.8,1,1,2,2,Manhattan,Manhattan
250,2,1/1/16,1:24,1/1/16,1:44,N,1,-73.92417908,40.74413681,-73.88060759999999,40.75035095,1,3.38,15.5,0.5,0.5,0.0,0.0,,0.3,16.8,2,1,1,1,Queens,Queens
251,1,1/1/16,1:25,1/1/16,1:33,N,1,-73.88481903,40.85430527,-73.90499878,40.83972931,1,1.8,8.5,0.5,0.5,0.0,0.0,,0.3,9.8,2,1,1,1,Bronx,Bronx
252,1,1/1/16,22:19,1/1/16,22:42,N,1,-73.96048737,40.81751633,-73.95761871,40.76151657,2,5.6,21.5,0.5,0.5,4.55,0.0,,0.3,27.35,1,1,22,22,Manhattan,Manhattan
253,2,1/1/16,1:15,1/1/16,1:26,N,1,-73.99204254,40.69037628,-73.9684906,40.70913315,1,3.98,13.5,0.5,0.5,0.0,0.0,,0.3,14.8,1,1,1,1,Kings County,Brooklyn
254,2,1/1/16,3:10,1/1/16,3:20,N,1,-73.90962219,40.74506378,-73.89363861,40.75922012,4,1.81,9.0,0.5,0.5,0.0,0.0,,0.3,10.3,2,1,3,3,Queens,Queens
255,2,1/1/16,0:44,1/1/16,0:51,N,1,-73.91497803,40.77911758,-73.90871429,40.75803375,5,1.95,8.0,0.5,0.5,0.0,0.0,,0.3,9.3,2,1,0,0,Queens,Queens
256,2,1/1/16,0:52,1/1/16,1:17,N,1,-73.97755432,40.68257141,-74.0279007,40.62831879,6,5.01,21.0,0.5,0.5,0.0,0.0,,0.3,22.3,2,1,0,1,Brooklyn,Brooklyn
257,2,1/1/16,17:38,1/1/16,18:08,N,2,-73.94658661,40.8065033,-73.78021240000001,40.64553833,1,17.73,52.0,0.0,0.5,0.0,5.54,,0.3,58.34,2,1,17,18,Manhattan,Queens County
258,1,1/1/16,4:56,1/1/16,5:02,N,1,-73.95839691,40.72141266,-73.9571991,40.70954514,1,1.2,6.0,0.5,0.5,1.45,0.0,,0.3,8.75,1,1,4,5,Brooklyn,Brooklyn
259,2,1/1/16,16:02,1/1/16,16:18,N,1,-73.9236145,40.84160614,-73.94917297,40.80846024,1,3.73,14.5,0.0,0.5,0.0,0.0,,0.3,15.3,2,1,16,16,Bronx,Manhattan
260,2,1/1/16,20:51,1/1/16,21:03,N,1,-73.92816925,40.83429337,-73.91173553,40.81610489,1,2.18,10.0,0.5,0.5,0.0,0.0,,0.3,11.3,2,1,20,21,Bronx,Bronx
261,2,1/1/16,3:59,1/1/16,4:08,N,1,-73.96376038,40.67756653,-73.94343567,40.67221451,1,1.51,8.0,0.5,0.5,2.32,0.0,,0.3,11.62,1,1,3,4,Brooklyn,Brooklyn
262,2,1/1/16,16:35,1/1/16,16:50,N,1,-73.89407349,40.67628479,-73.9730072,40.684150700000004,2,4.29,15.0,0.0,0.5,3.95,0.0,,0.3,19.75,1,1,16,16,Brooklyn,Brooklyn
263,1,1/1/16,2:47,1/1/16,2:55,N,1,-73.99478912,40.68487929999999,-73.96133423,40.68869781,1,2.2,8.5,0.5,0.5,1.95,0.0,,0.3,11.75,1,1,2,2,Kings County,Brooklyn
264,2,1/1/16,5:31,1/1/16,5:57,N,1,-73.95870209,40.72211838,-74.00357056,40.74842072,1,5.85,22.0,0.5,0.5,4.66,0.0,,0.3,27.96,1,1,5,5,Brooklyn,Manhattan
265,1,1/1/16,5:27,1/1/16,6:09,N,1,-73.95597839,40.68339539,-73.86309814,40.73685837,3,13.1,42.5,0.5,0.5,0.0,0.0,,0.3,43.8,2,1,5,6,Brooklyn,Queens
266,2,1/1/16,21:00,1/1/16,21:03,N,1,-73.98453522,40.67119217,-73.97992706,40.67719269,1,0.46,4.0,0.5,0.5,0.0,0.0,,0.3,5.3,2,1,21,21,Brooklyn,Brooklyn
267,2,1/1/16,1:09,1/1/16,1:52,N,1,-74.01404572,40.64517212,-73.96195221,40.79631042,1,17.32,51.0,0.5,0.5,10.0,0.0,,0.3,62.3,1,1,1,1,Brooklyn,New York
268,2,1/1/16,1:20,1/1/16,1:48,N,1,-73.98114014,40.66744995,-73.89627838,40.63965988,1,6.02,23.0,0.5,0.5,4.0,0.0,,0.3,28.3,1,1,1,1,Brooklyn,Brooklyn
269,2,1/1/16,3:07,1/1/16,3:12,N,1,-73.951828,40.69172668,-73.95385742,40.69271088,1,0.11,5.0,0.5,0.5,0.0,0.0,,0.3,6.3,2,1,3,3,Brooklyn,Brooklyn
270,2,1/1/16,2:36,1/1/16,2:38,N,1,-73.9540329,40.72965622,-73.95076752,40.72377777,1,0.45,4.0,0.5,0.5,0.0,0.0,,0.3,5.3,2,1,2,2,Brooklyn,Brooklyn
271,1,1/1/16,1:04,1/1/16,1:15,N,1,-73.94982147,40.78554153,-73.9740448,40.75735855,1,2.5,10.5,0.5,0.5,0.0,0.0,,0.3,11.8,2,1,1,1,Manhattan,Manhattan
272,2,1/1/16,0:24,1/1/16,0:35,N,1,-73.96544647,40.71687698,-73.95710754,40.68838882,1,2.35,10.0,0.5,0.5,2.82,0.0,,0.3,14.12,1,1,0,0,Brooklyn,Brooklyn
273,2,1/1/16,16:44,1/1/16,16:53,N,1,-73.95449066,40.81587982,-73.95140076,40.799808500000005,1,1.34,8.0,0.0,0.5,0.0,0.0,,0.3,8.8,2,1,16,16,Manhattan,Manhattan
274,1,1/1/16,21:22,1/1/16,21:27,N,1,-73.94351196,40.81037903,-73.94140625,40.81832123,1,0.7,5.0,0.5,0.5,0.0,0.0,,0.3,6.3,4,1,21,21,Manhattan,Manhattan
275,1,1/1/16,22:38,1/1/16,23:03,N,1,-73.85565186,40.75167465,-73.85618591,40.75817871,1,6.7,23.0,0.5,0.5,0.0,0.0,,0.3,24.3,2,1,22,23,Queens,Queens
276,1,1/1/16,4:17,1/1/16,4:30,N,1,-73.98861694,40.6702919,-73.95162201,40.6717186,1,3.1,12.0,0.5,0.5,3.95,0.0,,0.3,17.25,1,1,4,4,Kings County,Brooklyn
277,1,1/1/16,1:11,1/1/16,1:20,N,1,-73.92092896,40.82650757,-73.92304229999999,40.84093475,1,1.5,8.5,0.5,0.5,0.0,0.0,,0.3,9.8,2,1,1,1,Bronx,Bronx
278,2,1/1/16,12:38,1/1/16,12:50,N,1,-73.94564819,40.79016876,-73.92993927,40.85439682,1,5.2,16.5,0.0,0.5,1.0,0.0,,0.3,18.3,1,1,12,12,Manhattan,Manhattan
279,2,1/1/16,6:24,1/1/16,6:27,N,1,-73.94961548,40.68045807,-73.95326996,40.68668365,1,0.66,4.5,0.0,0.5,1.59,0.0,,0.3,6.89,1,1,6,6,Brooklyn,Brooklyn
280,2,1/1/16,9:40,1/1/16,9:48,N,1,-73.9513855,40.81034088,-73.95290375,40.80289078,1,1.55,6.5,0.0,0.5,0.0,0.0,,0.3,7.3,2,1,9,9,Manhattan,Manhattan
281,2,1/1/16,3:01,1/1/16,3:13,N,1,-73.82146454,40.82614899,-73.92288208,40.85171509,1,7.34,21.5,0.5,0.5,0.0,0.0,,0.3,22.8,2,1,3,3,Bronx,Bronx
282,1,1/1/16,1:15,1/1/16,1:47,N,1,-73.95070648,40.78604507,-73.98433685,40.66767120000001,1,11.6,35.0,0.5,0.5,0.0,0.0,,0.3,36.3,2,1,1,1,Manhattan,Brooklyn
283,2,1/1/16,4:09,1/2/16,4:08,N,1,-73.89449309999999,40.86394119,-73.93341064,40.84912872,1,4.36,16.0,0.5,0.5,0.0,0.0,,0.3,17.3,2,1,4,4,Bronx,Manhattan
284,2,1/1/16,3:02,1/1/16,3:30,N,1,-73.95148468,40.71367645,-73.94768524,40.77505875,1,7.32,26.5,0.5,0.5,5.56,0.0,,0.3,33.36,1,1,3,3,Brooklyn,Manhattan
285,2,1/1/16,1:33,1/1/16,1:51,N,1,-73.9641037,40.68494034,-73.94786072,40.72266769,1,3.94,16.0,0.5,0.5,0.0,0.0,,0.3,17.3,2,1,1,1,Brooklyn,Brooklyn
286,2,1/1/16,14:42,1/1/16,15:14,N,1,-73.98188782,40.57685852,-73.78279877,40.64401627,1,15.55,45.0,0.0,0.5,0.0,0.0,,0.3,45.8,2,1,14,15,Brooklyn,Queens County
287,2,1/1/16,18:37,1/1/16,18:51,N,1,-73.84571075,40.75449371,-73.79294586,40.68254471,1,7.56,22.0,0.0,0.5,0.0,0.0,,0.3,22.8,1,1,18,18,Queens,Queens
288,2,1/1/16,4:29,1/1/16,4:32,N,1,-73.99333954,40.66514969,-73.98931885,40.65976715,1,0.55,4.0,0.5,0.5,1.06,0.0,,0.3,6.36,1,1,4,4,Brooklyn,Brooklyn
289,2,1/1/16,10:35,1/1/16,10:50,N,1,-73.94515991,40.7504158,-73.88580322,40.76329041,1,3.99,14.5,0.0,0.5,0.0,0.0,,0.3,15.3,2,1,10,10,Queens,Queens
290,2,1/1/16,18:05,1/1/16,18:10,N,1,-73.89630127,40.74612045,-73.89228821,40.73209,1,1.19,6.0,0.0,0.5,0.0,0.0,,0.3,6.8,2,1,18,18,Queens,Queens
291,2,1/1/16,22:36,1/1/16,22:41,N,1,-73.92177582,40.76673889,-73.91085052,40.7688179,1,0.73,5.5,0.5,0.5,0.0,0.0,,0.3,6.8,2,1,22,22,Queens,Queens
292,2,1/1/16,6:20,1/1/16,6:26,N,1,-73.8854599,40.73850632,-73.9018631,40.74126816,1,0.89,6.0,0.0,0.5,0.0,0.0,,0.3,6.8,2,1,6,6,Queens,Queens
293,2,1/1/16,7:45,1/1/16,7:53,N,1,-73.92520142,40.86265182,-73.90111542,40.86820602,1,1.74,8.0,0.0,0.5,0.0,0.0,,0.3,8.8,2,1,7,7,Manhattan,Bronx
294,1,1/1/16,21:09,1/1/16,21:23,N,1,-73.89096069,40.74694443,-73.93364716,40.75470734,1,2.4,11.5,0.5,0.5,0.0,0.0,,0.3,12.8,2,1,21,21,Queens,Queens
295,2,1/1/16,19:06,1/1/16,19:25,N,1,-73.83039856,40.75945663,-73.94984436,40.78551483,1,8.81,26.0,0.0,0.5,3.0,5.54,,0.3,35.34,1,1,19,19,Queens,Manhattan
296,2,1/1/16,21:50,1/1/16,21:56,N,1,-73.94565582,40.71149063,-73.9625473,40.71259308,5,1.0,6.5,0.5,0.5,1.56,0.0,,0.3,9.36,1,1,21,21,Brooklyn,Brooklyn
297,1,1/1/16,18:14,1/1/16,18:37,N,1,-73.99440765,40.68097687,-73.99568176,40.74887466,6,5.4,20.0,0.0,0.5,0.0,0.0,,0.3,20.8,2,1,18,18,Brooklyn,Manhattan
298,2,1/1/16,4:45,1/1/16,4:51,N,1,-73.87853241,40.74808121,-73.86324309999999,40.748546600000005,5,0.86,6.0,0.5,0.5,0.0,0.0,,0.3,7.3,2,1,4,4,Queens,Queens
299,2,1/1/16,2:13,1/1/16,2:41,N,1,-73.95075226,40.66770554,-73.94832611,40.71802521,1,5.28,22.0,0.5,0.5,0.0,0.0,,0.3,23.3,2,1,2,2,Brooklyn,Brooklyn
300,1,1/1/16,14:49,1/1/16,15:06,N,1,-73.97267151,40.57699203,-73.90694427,40.62469482,1,7.6,23.0,0.0,0.5,0.0,0.0,,0.3,23.8,2,1,14,15,Brooklyn,Brooklyn
301,2,1/1/16,5:17,1/1/16,5:20,N,1,-73.84399414,40.72199249,-73.84881592,40.71377563,1,0.75,4.5,0.5,0.5,0.0,0.0,,0.3,5.8,2,1,5,5,Queens,Queens
302,2,1/1/16,15:07,1/1/16,15:15,N,1,-73.94871521,40.808555600000005,-73.93637848,40.79898071,1,1.41,8.0,0.0,0.5,0.0,0.0,,0.3,8.8,2,1,15,15,Manhattan,Manhattan
303,2,1/1/16,3:42,1/1/16,3:42,N,1,-73.93872833,40.82230377,-73.94046783,40.82001495,1,0.02,2.5,0.5,0.5,0.0,0.0,,0.3,3.8,2,1,3,3,Manhattan,Manhattan
304,2,1/1/16,21:55,1/1/16,22:04,N,1,-73.90372467,40.82283401,-73.88637543,40.83607864,1,1.8,9.0,0.5,0.5,0.0,0.0,,0.3,10.3,2,1,21,22,Bronx,Bronx
305,2,1/1/16,8:28,1/1/16,8:31,N,1,-73.95834351,40.69441986,-73.94746399,40.69558716,1,0.54,4.0,0.0,0.5,0.0,0.0,,0.3,4.8,2,1,8,8,Brooklyn,Bedford-Stuyvesant
306,2,1/1/16,19:50,1/1/16,20:00,N,1,-73.95651245,40.71701431,-73.95017242,40.68258667,1,2.66,10.0,0.0,0.5,2.16,0.0,,0.3,12.96,1,1,19,20,Brooklyn,Brooklyn
307,2,1/1/16,17:56,1/1/16,18:03,N,1,-73.79258728,40.69071579,-73.77606964,40.67804337,1,1.53,7.0,0.0,0.5,0.0,0.0,,0.3,7.8,2,1,17,18,Queens,Queens
308,2,1/1/16,0:06,1/1/16,0:13,N,1,-73.99456024,40.70288086,-73.95897675,40.69933319,6,2.17,9.0,0.5,0.5,0.0,0.0,,0.3,10.3,2,1,0,0,Brooklyn,Brooklyn
309,2,1/1/16,19:39,1/1/16,19:48,N,1,-73.89196777,40.74694824,-73.93403625,40.73628235,1,2.92,11.5,0.0,0.5,2.0,0.0,,0.3,14.3,1,1,19,19,Queens,Queens
310,2,1/1/16,20:09,1/1/16,20:21,N,1,-73.97762299,40.68442535,-73.98097229,40.66913605,1,1.88,9.5,0.5,0.5,0.0,0.0,,0.3,10.8,1,1,20,20,Kings County,Brooklyn
311,1,1/1/16,1:45,1/1/16,1:53,N,1,-73.94258881,40.72134781,-73.93218994,40.70712662,1,1.6,7.5,0.5,0.5,2.0,0.0,,0.3,10.8,1,1,1,1,Kings County,Brooklyn
312,2,1/1/16,17:02,1/1/16,17:09,N,1,-73.95717621,40.68938065,-73.95554352,40.67303848,1,1.38,7.0,0.0,0.5,0.0,0.0,,0.3,7.8,1,1,17,17,Brooklyn,Brooklyn
313,2,1/1/16,0:17,1/1/16,0:33,N,1,-73.95816040000001,40.72163773,-73.95886993,40.68680191,1,2.88,12.5,0.5,0.5,2.2,0.0,,0.3,16.0,1,1,0,0,Brooklyn,Brooklyn
314,2,1/1/16,2:37,1/1/16,2:49,N,1,-73.91710663,40.74277115,-73.88679504,40.74721909,1,1.65,9.0,0.5,0.5,0.0,0.0,,0.3,10.3,2,1,2,2,Queens,Queens
315,1,1/1/16,2:34,1/1/16,2:53,N,1,-73.98786926,40.70389938,-73.97071075,40.75165939,1,6.3,20.5,0.5,0.5,4.35,0.0,,0.3,26.15,1,1,2,2,Brooklyn,Manhattan
316,2,1/1/16,13:10,1/1/16,13:25,N,1,-73.9493866,40.71465683,-73.87290955,40.77445221,1,7.17,22.0,0.0,0.5,0.0,0.0,,0.3,22.8,2,1,13,13,Brooklyn,Queens County
317,1,1/1/16,12:48,1/1/16,12:56,N,1,-73.96128845,40.80665588,-73.96175385,40.77952957,1,2.4,9.5,0.0,0.5,2.55,0.0,,0.3,12.85,1,1,12,12,Manhattan,Manhattan
318,2,1/1/16,4:27,1/1/16,4:40,N,1,-73.89094543,40.74691772,-73.85850525,40.75395203,3,1.93,10.0,0.5,0.5,0.0,0.0,,0.3,11.3,2,1,4,4,Queens,Queens
319,2,1/1/16,23:07,1/1/16,23:16,N,1,-73.94309235,40.83639145,-73.92027283,40.83539963,1,2.03,9.0,0.5,0.5,0.0,0.0,,0.3,10.3,2,1,23,23,Manhattan,Bronx
320,2,1/1/16,3:02,1/1/16,4:01,N,1,-74.01032257,40.64855194,-73.88795471,40.66884995,1,11.24,43.0,0.5,0.5,0.0,0.0,,0.3,44.3,1,1,3,4,Brooklyn,Brooklyn
321,2,1/1/16,18:02,1/1/16,18:15,N,1,-73.93914795,40.80566406,-73.95237732,40.77138138,5,2.92,12.5,0.0,0.5,2.66,0.0,,0.3,15.96,1,1,18,18,Manhattan,Manhattan
322,1,1/1/16,1:37,1/1/16,1:46,N,1,-73.95241547,40.78663254,-73.93895721,40.80489349,1,1.5,8.0,0.5,0.5,0.0,0.0,,0.3,9.3,2,1,1,1,Manhattan,Manhattan
323,2,1/1/16,3:32,1/1/16,3:41,N,1,-73.95527649,40.80973816,-73.97358704,40.79203033,1,1.95,9.0,0.5,0.5,2.06,0.0,,0.3,12.36,1,1,3,3,Manhattan,Manhattan
324,2,1/1/16,11:50,1/1/16,12:01,N,1,-73.92591858,40.76683044,-73.95407867,40.74297333,1,2.71,11.0,0.0,0.5,2.36,0.0,,0.3,14.16,1,1,11,12,Queens,Queens
325,2,1/1/16,5:26,1/1/16,5:43,N,1,-73.84406281,40.72192383,-73.90070343,40.72488022,1,3.92,15.5,0.5,0.5,0.0,0.0,,0.3,16.8,2,1,5,5,Queens,Queens
326,2,1/1/16,13:53,1/1/16,14:08,N,1,-73.83042908,40.75959396,-73.8862381,40.74752426,1,3.02,12.5,0.0,0.5,0.0,0.0,,0.3,13.3,2,1,13,14,Queens,Queens
327,1,1/1/16,4:04,1/1/16,4:20,N,1,-73.88976288,40.8250351,-73.91698456,40.84117126,1,2.5,12.0,0.5,0.5,0.0,0.0,,0.3,13.3,2,1,4,4,Bronx,Bronx
328,1,1/1/16,3:08,1/1/16,3:19,N,1,-73.98937225,40.69116592,-73.954216,40.68819427,2,2.0,9.5,0.5,0.5,2.15,0.0,,0.3,12.95,1,1,3,3,Brooklyn,Brooklyn
329,2,1/1/16,17:51,1/1/16,18:18,N,1,-73.91564178,40.77241898,-74.01570892,40.71171188,6,10.76,33.0,0.0,0.5,8.45,0.0,,0.3,42.25,1,1,17,18,Queens,Manhattan
330,2,1/1/16,18:07,1/1/16,18:13,N,1,-73.99588013,40.6787529,-74.01628113,40.67576218,5,1.73,7.0,0.0,0.5,1.95,0.0,,0.3,9.75,1,1,18,18,Brooklyn,Brooklyn
331,2,1/1/16,4:43,1/1/16,5:00,N,5,-73.9026413,40.85369873,-73.90090179,40.82135773,1,3.56,12.0,0.0,0.0,0.0,0.0,,0.0,12.0,2,2,4,5,Bronx,Bronx
332,1,1/1/16,3:51,1/1/16,3:55,N,1,-73.87086487,40.75144196,-73.87500763,40.76144791,1,0.7,4.5,0.5,0.5,0.0,0.0,,0.3,5.8,2,1,3,3,Queens,Queens
333,2,1/1/16,5:17,1/1/16,5:21,N,1,-73.82984161,40.71370316,-73.83074188,40.70581818,1,0.79,4.5,0.5,0.5,1.0,0.0,,0.3,6.8,1,1,5,5,Queens,Queens
334,1,1/1/16,14:58,1/1/16,15:16,N,1,-73.99472046,40.70370102,-73.96057129,40.75802612,3,6.9,21.0,0.0,0.5,5.45,0.0,,0.3,27.25,1,1,14,15,Brooklyn,Manhattan
335,2,1/1/16,19:51,1/1/16,19:53,N,1,-73.95539856,40.78869629,-73.96894836,40.79459381,1,0.85,4.5,0.0,0.5,1.0,0.0,,0.3,6.3,1,1,19,19,New York,Manhattan
336,2,1/1/16,0:43,1/1/16,0:56,N,1,-73.93663025,40.67974091,-73.92467499,40.66820526,6,2.04,10.5,0.5,0.5,2.36,0.0,,0.3,14.16,1,1,0,0,Brooklyn,Brooklyn
337,2,1/1/16,15:25,1/1/16,15:28,N,1,-73.8819809,40.74780655,-73.88766479,40.7472496,1,0.26,3.5,0.0,0.5,0.0,0.0,,0.3,4.3,2,1,15,15,Queens,Queens
338,2,1/1/16,2:38,1/1/16,2:46,N,1,-73.93300629,40.70695114,-73.90916443,40.68896866,5,1.96,8.0,0.5,0.5,1.86,0.0,,0.3,11.16,1,1,2,2,Brooklyn,Brooklyn
339,2,1/1/16,4:26,1/1/16,4:36,N,1,-73.93139648,40.69752884,-73.95083618,40.70892715,1,1.51,8.0,0.5,0.5,1.86,0.0,,0.3,11.16,1,1,4,4,Brooklyn,Brooklyn
340,2,1/1/16,3:57,1/1/16,4:04,N,1,-73.96627045,40.80454636,-73.94672394,40.82637024,1,1.97,8.0,0.5,0.5,1.86,0.0,,0.3,11.16,1,1,3,4,Manhattan,Manhattan
341,2,1/1/16,5:09,1/1/16,5:27,N,1,-73.88294983,40.755866999999995,-73.89512634,40.72576904,6,4.15,16.5,0.5,0.5,0.0,0.0,,0.3,17.8,2,1,5,5,Queens,Queens
342,2,1/1/16,19:09,1/1/16,19:22,N,1,-73.94275665,40.79394531,-73.87410736,40.82779694,1,5.25,16.5,0.0,0.5,0.0,0.0,,0.3,17.3,2,1,19,19,Manhattan,Bronx
343,2,1/1/16,3:08,1/1/16,3:20,N,1,-73.83185577,40.71508408,-73.78504181,40.73081589,1,3.67,13.0,0.5,0.5,0.0,0.0,,0.3,14.3,2,1,3,3,Queens,Queens
344,2,1/1/16,5:13,1/1/16,5:27,N,1,-73.88103485,40.75014877,-73.91007996,40.76594162,1,2.73,12.0,0.5,0.5,3.32,0.0,,0.3,16.62,1,1,5,5,Queens,Queens
345,2,1/1/16,14:58,1/1/16,15:13,N,1,-73.92339325,40.76107025,-73.90357971,40.74545288,1,2.79,12.5,0.0,0.5,0.0,0.0,,0.3,13.3,2,1,14,15,Queens,Queens
346,1,1/1/16,13:34,1/1/16,13:53,N,1,-73.96520996,40.71273422,-73.98007965,40.66949844,1,4.7,17.0,0.0,0.5,3.55,0.0,,0.3,21.35,1,1,13,13,Brooklyn,Brooklyn
347,2,1/1/16,0:20,1/1/16,0:32,N,1,-73.98208618,40.67418671,-74.02384186,40.62080383,1,5.17,17.0,0.5,0.5,3.66,0.0,,0.3,21.96,1,1,0,0,Brooklyn,Brooklyn
348,2,1/1/16,20:27,1/1/16,20:28,N,1,-73.89743042,40.82960129,-73.89665985,40.8340683,1,0.31,3.5,0.5,0.5,0.0,0.0,,0.3,4.8,2,1,20,20,Bronx,Bronx
349,2,1/1/16,4:41,1/1/16,4:53,N,1,-73.94172668,40.83859634,-73.97322083,40.79194641,1,4.53,15.5,0.5,0.5,3.36,0.0,,0.3,20.16,1,1,4,4,Manhattan,Manhattan
350,1,1/1/16,8:43,1/1/16,8:56,N,1,-73.93366241,40.74529648,-73.97573853,40.76529694,1,3.1,12.5,0.0,0.5,0.0,0.0,,0.3,13.3,2,1,8,8,Queens,Manhattan
351,2,1/1/16,14:13,1/1/16,14:17,N,1,-73.93357086,40.80295563,-73.93306732,40.79536819,2,0.8,5.5,0.0,0.5,0.0,0.0,,0.3,6.3,2,1,14,14,Manhattan,Manhattan
352,2,1/1/16,11:02,1/1/16,11:09,N,1,-73.94250488,40.78624725,-73.91886139,40.77099609,1,4.18,13.0,0.0,0.5,5.8,5.54,,0.3,25.14,1,1,11,11,Manhattan,Queens
353,2,1/1/16,1:12,1/1/16,1:30,N,1,-73.95750427,40.72226334,-73.97581482,40.67396164,1,5.13,18.0,0.5,0.5,0.0,0.0,,0.3,19.3,2,1,1,1,Brooklyn,Brooklyn
354,2,1/1/16,16:57,1/1/16,17:17,N,1,-73.95899200000001,40.71664047,-73.98388672,40.66820526,1,5.13,19.5,0.0,0.5,4.06,0.0,,0.3,24.36,1,1,16,17,Brooklyn,Brooklyn
355,1,1/1/16,20:18,1/1/16,20:29,N,1,-73.96121216,40.69406891,-73.95700073,40.67342377,1,2.0,10.0,0.0,0.5,2.15,0.0,,0.3,12.95,1,1,20,20,Brooklyn,Brooklyn
356,2,1/1/16,2:11,1/1/16,2:19,N,1,-73.95561981,40.6767807,-73.98181152,40.67949295,1,1.58,8.0,0.5,0.5,0.0,0.0,,0.3,9.3,2,1,2,2,Brooklyn,Brooklyn
357,2,1/1/16,1:44,1/1/16,2:14,N,1,-73.93319702,40.70473099,-74.00902557,40.7325592,1,6.51,25.0,0.5,0.5,0.0,0.0,,0.3,26.3,1,1,1,2,Brooklyn,Manhattan
358,2,1/1/16,0:09,1/1/16,0:12,N,1,-73.94224548,40.79773331,-73.93999481,40.78969193,1,0.94,5.0,0.5,0.5,0.0,0.0,,0.3,6.3,2,1,0,0,Manhattan,Manhattan
359,2,1/1/16,16:28,1/1/16,16:32,N,1,-73.95841217,40.64904022,-73.95231628,40.63714218,1,0.92,5.5,0.0,0.5,1.26,0.0,,0.3,7.56,1,1,16,16,Brooklyn,Brooklyn
360,2,1/1/16,1:34,1/1/16,2:21,N,1,-73.96353149,40.67682648,-73.94161224,40.80868149,5,15.96,49.0,0.5,0.5,11.17,5.54,,0.3,67.01,1,1,1,2,Brooklyn,Manhattan
361,1,1/1/16,16:28,1/1/16,16:36,N,1,-73.96460724,40.68296432,-73.94297028,40.68637085,3,1.5,8.0,1.0,0.5,0.0,0.0,,0.3,9.8,2,1,16,16,Brooklyn,Brooklyn
362,2,1/1/16,3:22,1/1/16,3:34,N,1,-73.9586792,40.70936203,-73.92648315,40.70555878,1,2.14,10.5,0.5,0.5,0.0,0.0,,0.3,11.8,2,1,3,3,Brooklyn,Brooklyn
363,2,1/1/16,23:05,1/1/16,23:15,N,1,-73.8442688,40.72131729,-73.87306976,40.71951675,1,1.9,9.5,0.5,0.5,2.16,0.0,,0.3,12.96,1,1,23,23,Queens,Queens
364,2,1/1/16,16:16,1/1/16,16:24,N,1,-73.93907166,40.84379578,-73.95491791,40.82023621,1,1.85,8.5,0.0,0.5,1.86,0.0,,0.3,11.16,1,1,16,16,Manhattan,Manhattan
365,2,1/1/16,21:12,1/1/16,22:05,N,1,-73.96023559999999,40.65154648,-74.00319672,40.72547531,1,11.28,42.5,0.5,0.5,8.76,0.0,,0.3,52.56,1,1,21,22,Brooklyn,Manhattan
366,2,1/1/16,23:36,1/1/16,23:40,N,1,-73.94178009,40.81300354,-73.94987488,40.80195618,1,0.88,5.0,0.5,0.5,0.0,0.0,,0.3,6.3,2,1,23,23,Manhattan,Manhattan
367,2,1/1/16,3:56,1/1/16,4:16,N,1,-73.99254608,40.69436264,-73.99242401,40.61692429,1,7.99,25.0,0.5,0.5,0.0,0.0,,0.3,26.3,2,1,3,4,Brooklyn,Brooklyn
368,2,1/1/16,19:38,1/1/16,19:53,N,1,-73.97597504,40.68399811,-73.95720673,40.65372849,1,2.99,13.0,0.0,0.5,2.0,0.0,,0.3,15.8,1,1,19,19,Brooklyn,Brooklyn
369,2,1/1/16,1:16,1/1/16,1:28,N,1,-73.93848419,40.74944687,-73.91445923,40.7657814,1,2.07,10.0,0.5,0.5,3.39,0.0,,0.3,14.69,1,1,1,1,Queens,Queens
370,2,1/1/16,0:26,1/1/16,0:32,N,1,-73.96662140000001,40.80400848,-73.95489502,40.82013321,1,1.29,7.0,0.5,0.5,0.0,0.0,,0.3,8.3,2,1,0,0,Manhattan,Manhattan
371,2,1/1/16,0:41,1/1/16,0:46,N,1,-73.93756866,40.80408096,-73.93308258,40.79522324,1,1.05,5.5,0.5,0.5,0.0,0.0,,0.3,6.8,2,1,0,0,Manhattan,Manhattan
372,2,1/1/16,0:33,1/1/16,0:48,N,1,-73.95751953,40.72003555,-73.99494171,40.71837616,1,3.34,13.5,0.5,0.5,0.0,0.0,,0.3,14.8,1,1,0,0,Brooklyn,Manhattan
373,1,1/1/16,4:39,1/1/16,4:40,Y,1,-73.95694733,40.81414795,-73.9528656,40.81082535,1,0.3,3.0,0.5,0.5,0.0,0.0,,0.3,4.3,3,1,4,4,Manhattan,Manhattan
374,2,1/1/16,0:43,1/1/16,1:06,N,1,-73.90897369,40.76328278,-73.96340179,40.67581177,1,9.22,27.5,0.5,0.5,5.76,0.0,,0.3,34.56,1,1,0,1,Queens,Brooklyn
375,2,1/1/16,2:45,1/1/16,2:54,N,1,-73.95720673,40.68914795,-73.97742462,40.6800766,1,2.17,8.5,0.5,0.5,1.96,0.0,,0.3,11.76,1,1,2,2,Brooklyn,Brooklyn
376,1,1/1/16,5:42,1/1/16,5:49,N,1,-73.94893646,40.67501831,-73.95095062,40.65399933,1,1.8,8.0,0.5,0.5,0.0,0.0,,0.3,9.3,2,1,5,5,Brooklyn,Brooklyn
377,2,1/1/16,6:58,1/1/16,7:04,N,1,-73.92664337,40.86120987,-73.94033813,40.83376694,1,2.81,10.0,0.0,0.5,0.0,0.0,,0.3,10.8,2,1,6,7,Manhattan,Manhattan
378,1,1/1/16,20:31,1/1/16,20:52,N,1,-73.99335479999999,40.70248413,-73.99781799,40.75621796,2,5.5,19.5,0.5,0.5,0.0,0.0,,0.3,20.8,2,1,20,20,Brooklyn,Manhattan
379,1,1/1/16,17:26,1/1/16,17:42,N,1,-73.9779129,40.68981171,-73.87320709,40.77435303,1,10.2,28.5,0.0,0.5,3.0,0.0,,0.3,32.3,1,1,17,17,Brooklyn,Queens County
380,2,1/1/16,7:24,1/1/16,7:32,N,1,-73.86675262,40.75746536,-73.89876556,40.75074768,1,1.96,9.0,0.0,0.5,0.0,0.0,,0.3,9.8,2,1,7,7,Queens,Queens
381,2,1/1/16,21:49,1/1/16,22:02,N,1,-73.86994171,40.72603226,-73.81839752,40.70987701,5,3.74,14.0,0.5,0.5,0.0,0.0,,0.3,15.3,2,1,21,22,Queens,Queens
382,2,1/1/16,3:42,1/1/16,4:25,N,1,-73.95533752,40.7210083,-73.94517517,40.82299423,1,10.52,36.5,0.5,0.5,5.0,0.0,,0.3,42.8,1,1,3,4,Brooklyn,Manhattan
383,2,1/1/16,21:09,1/1/16,21:13,N,1,-73.95858002,40.71699905,-73.94834137,40.72456741,1,0.77,4.5,0.5,0.5,0.0,0.0,,0.3,5.8,2,1,21,21,Brooklyn,Brooklyn
384,2,1/1/16,3:00,1/1/16,3:20,N,1,-73.90245819,40.64535522,-73.9495697,40.67766953,1,4.3,17.0,0.5,0.5,0.0,0.0,,0.3,18.3,2,1,3,3,Brooklyn,Brooklyn
385,1,1/1/16,17:13,1/1/16,17:27,N,1,-73.98050690000001,40.66814041,-73.93099976,40.66517639,1,3.6,13.5,0.0,0.5,2.0,0.0,,0.3,16.3,1,1,17,17,Brooklyn,Brooklyn
386,2,1/1/16,13:59,1/1/16,14:05,N,1,-73.94854736,40.80915833,-73.95554352,40.80408859,1,0.95,6.0,0.0,0.5,0.0,0.0,,0.3,6.8,2,1,13,14,Manhattan,Manhattan
387,2,1/1/16,4:27,1/1/16,4:36,N,1,-73.94286346,40.7055397,-73.94384003,40.69804764,1,1.17,7.5,0.5,0.5,0.0,0.0,,0.3,8.8,2,1,4,4,Brooklyn,Brooklyn
388,2,1/1/16,14:42,1/2/16,0:00,N,1,-73.94873047,40.711223600000004,-73.97859192,40.74496841,5,4.45,18.0,0.0,0.5,2.82,0.0,,0.3,21.62,1,1,14,0,Brooklyn,Manhattan
389,1,1/1/16,1:26,1/1/16,1:39,N,1,-73.97911072,40.68301773,-73.94733429,40.67396927,1,2.1,10.5,0.5,0.5,0.0,0.0,,0.3,11.8,1,1,1,1,Brooklyn,Brooklyn
390,2,1/1/16,21:09,1/1/16,21:15,N,1,-73.91487885,40.76406479,-73.91497803,40.75201797,1,1.13,6.5,0.5,0.5,0.0,0.0,,0.3,7.8,2,1,21,21,Queens,Queens
391,2,1/1/16,1:55,1/1/16,2:01,N,1,-73.9475708,40.81793594,-73.93989563,40.81163025,1,0.96,6.0,0.5,0.5,1.46,0.0,,0.3,8.76,1,1,1,2,Manhattan,Manhattan
392,2,1/1/16,18:22,1/1/16,18:24,N,1,-73.90935516,40.7449379,-73.90316772,40.74551773,2,0.33,3.5,0.0,0.5,0.0,0.0,,0.3,4.3,2,1,18,18,Queens,Queens
393,2,1/1/16,2:42,1/1/16,3:08,N,1,-73.89138031,40.74664688,-73.89669037,40.69600677,1,7.0,23.0,0.5,0.5,6.08,0.0,,0.3,30.38,1,1,2,3,Queens,Queens
394,2,1/1/16,4:56,1/1/16,5:06,N,1,-73.88287354,40.75589752,-73.90016937,40.75212479,1,1.18,8.0,0.5,0.5,0.0,0.0,,0.3,9.3,2,1,4,5,Queens,Queens
395,2,1/1/16,17:32,1/1/16,17:36,N,1,-73.92816162,40.76324081,-73.92058563,40.76303101,1,0.54,4.5,0.0,0.5,0.0,0.0,,0.3,5.3,2,1,17,17,Queens,Queens
396,1,1/1/16,1:20,1/1/16,1:36,N,1,-74.00057220000001,40.67474365,-73.93332672,40.70991516,1,6.4,20.0,0.5,0.5,4.25,0.0,,0.3,25.55,1,1,1,1,Brooklyn,Brooklyn
397,2,1/1/16,0:51,1/1/16,1:01,N,1,-73.89102173,40.74647141,-73.86472321,40.73649216,1,1.68,8.5,0.5,0.5,0.0,0.0,,0.3,9.8,2,1,0,1,Queens,Queens
398,2,1/1/16,5:01,1/1/16,5:20,N,1,-73.98000336,40.68172836,-74.00408173,40.60089874,1,9.74,28.5,0.5,0.5,0.0,0.0,,0.3,29.8,2,1,5,5,Kings County,Brooklyn
399,1,1/1/16,21:00,1/1/16,21:04,N,1,-73.94460297,40.78757477,-73.93924713,40.79076767,1,0.6,4.5,0.5,0.5,0.0,0.0,,0.3,5.8,2,1,21,21,Manhattan,Manhattan
400,2,1/1/16,20:26,1/1/16,20:29,N,1,-73.91204834,40.7752037,-73.91506195,40.77931595,1,0.56,4.0,0.5,0.5,0.0,0.0,,0.3,5.3,1,1,20,20,Queens,Queens
401,2,1/1/16,6:05,1/1/16,6:17,N,1,-73.95098114,40.81028748,-73.92517853,40.86153412,1,4.65,16.0,0.0,0.5,0.0,0.0,,0.3,16.8,2,1,6,6,Manhattan,Manhattan
402,2,1/1/16,18:37,1/1/16,18:43,N,1,-73.95953369,40.71622849,-73.93991089,40.72603989,1,1.29,6.5,0.0,0.5,1.46,0.0,,0.3,8.76,1,1,18,18,Brooklyn,Brooklyn
403,2,1/1/16,3:06,1/1/16,3:19,N,1,-73.90006256,40.8493309,-73.94958496,40.83110809,1,5.28,17.0,0.5,0.5,1.0,0.0,,0.3,19.3,1,1,3,3,Bronx,Manhattan
404,2,1/1/16,4:35,1/1/16,4:42,N,1,-73.83155823,40.71504593,-73.79691315,40.73113632,1,2.63,9.5,0.5,0.5,0.0,0.0,,0.3,10.8,1,1,4,4,Queens,Queens
405,2,1/1/16,6:16,1/1/16,6:44,N,1,-73.93759155,40.69826889,-73.94837189,40.800586700000004,1,10.49,32.5,0.5,0.5,0.0,0.0,,0.3,33.8,1,1,6,6,Brooklyn,Manhattan
406,1,1/1/16,23:35,1/1/16,23:42,N,1,-73.95261383,40.7231636,-73.96574402,40.71283722,1,1.2,7.0,0.5,0.5,1.65,0.0,,0.3,9.95,1,1,23,23,Brooklyn,Brooklyn
407,2,1/1/16,22:27,1/1/16,22:30,N,1,-73.98769379,40.67147064,-73.9808197,40.66783142,1,0.5,4.0,0.5,0.5,0.0,0.0,,0.3,5.3,2,1,22,22,Kings County,Brooklyn
408,1,1/1/16,20:40,1/1/16,20:45,N,1,-73.95255279999999,40.80835342,-73.9437561,40.82185745,2,1.1,5.5,0.5,0.5,1.0,0.0,,0.3,7.8,1,1,20,20,Upper Manhattan,Manhattan
409,2,1/1/16,10:25,1/1/16,10:28,N,1,-73.97275543,40.68562698,-73.96525574,40.68555832,1,0.63,4.5,0.0,0.5,1.32,0.0,,0.3,6.62,1,1,10,10,Brooklyn,Brooklyn
410,1,1/1/16,15:45,1/1/16,15:55,N,1,-73.88491058,40.75187302,-73.92237854,40.75293732,1,2.0,9.5,0.0,0.5,0.0,0.0,,0.3,10.3,2,1,15,15,Queens,Queens
411,1,1/1/16,2:10,1/1/16,2:14,N,1,-73.97537231,40.67467499,-73.96243286,40.67544937,1,1.0,5.0,0.5,0.5,1.25,0.0,,0.3,7.55,1,1,2,2,Brooklyn,Brooklyn
412,2,1/1/16,3:04,1/1/16,3:08,N,1,-73.92327118,40.76098633,-73.93022156,40.76669312,1,0.65,5.0,0.5,0.5,0.0,0.0,,0.3,6.3,2,1,3,3,Queens,Queens
413,1,1/1/16,22:29,1/1/16,22:36,N,1,-73.9575882,40.71779633,-73.95459747,40.73226166,1,1.1,6.0,0.5,0.5,1.45,0.0,,0.3,8.75,1,1,22,22,Brooklyn,Brooklyn
414,2,1/1/16,1:40,1/1/16,1:58,N,1,-73.95417023,40.72994232,-73.98813629,40.71637344,1,4.1,16.5,0.5,0.5,0.0,0.0,,0.3,17.8,2,1,1,1,Brooklyn,Manhattan
415,2,1/1/16,0:14,1/1/16,0:21,N,1,-73.94339752,40.80675125,-73.96079254,40.8175621,1,1.31,6.0,0.5,0.5,0.0,0.0,,0.3,7.3,2,1,0,0,Manhattan,Manhattan
416,2,1/1/16,5:02,1/1/16,5:05,N,1,-73.95498657,40.7205162,-73.94538879,40.72525787,1,0.62,4.0,0.5,0.5,0.0,0.0,,0.3,5.3,2,1,5,5,Brooklyn,Brooklyn
417,2,1/1/16,18:12,1/1/16,18:34,N,1,-73.8819809,40.86836243,-73.94915771,40.81477356,1,6.02,21.0,0.0,0.5,0.0,0.0,,0.3,21.8,1,1,18,18,Bronx,Manhattan
418,2,1/1/16,0:42,1/1/16,0:53,N,1,-73.94035339,40.75044632,-73.95040131,40.78646088,1,4.17,14.0,0.5,0.5,3.06,0.0,,0.3,18.36,1,1,0,0,Queens,Manhattan
419,2,1/1/16,4:20,1/1/16,4:27,N,1,-73.96363831,40.71035004,-73.95690155,40.73007965,5,1.77,7.5,0.5,0.5,0.0,0.0,,0.3,8.8,2,1,4,4,Brooklyn,Brooklyn
420,2,1/1/16,21:14,1/1/16,21:21,N,1,-73.84654236,40.72284317,-73.85774994,40.72846222,3,1.21,5.5,0.5,0.5,0.0,0.0,,0.3,6.8,2,1,21,21,Queens,Queens
421,1,1/1/16,4:15,1/1/16,4:28,N,1,-73.92928314,40.69351578,-73.94496155,40.72168732,1,2.3,11.0,0.5,0.5,0.0,0.0,,0.3,12.3,2,1,4,4,Brooklyn,Brooklyn
422,1,1/1/16,2:00,1/1/16,2:14,N,1,-73.99056244,40.70003128,-73.95907593,40.64500809,1,5.7,18.5,0.5,0.5,0.0,0.0,,0.3,19.8,2,1,2,2,Kings County,Brooklyn
423,2,1/1/16,18:29,1/1/16,18:35,N,1,-73.94914246,40.80171967,-73.93431854,40.79738617,1,0.93,6.0,0.0,0.5,2.0,0.0,,0.3,8.8,1,1,18,18,Manhattan,Manhattan
424,1,1/1/16,10:26,1/1/16,10:31,N,1,-73.94264221,40.83125687,-73.95276642,40.826099400000004,4,0.9,5.5,0.5,0.5,0.0,0.0,,0.3,6.8,2,1,10,10,Manhattan,Manhattan
425,1,1/1/16,3:20,1/1/16,3:53,N,1,-73.91183472,40.70524216,-74.00830078,40.61594772,1,12.6,37.5,0.5,0.5,9.7,0.0,,0.3,48.5,1,1,3,3,Queens,Brooklyn
426,2,1/1/16,6:52,1/1/16,7:05,N,1,-73.93174744,40.707901,-73.99615479,40.72037888,5,3.81,14.0,0.0,0.5,2.96,0.0,,0.3,17.76,1,1,6,7,Brooklyn,Manhattan
427,2,1/1/16,3:44,1/1/16,4:07,N,1,-73.91130829,40.6997261,-73.8950882,40.74855042,1,6.5,22.0,0.5,0.5,5.82,0.0,,0.3,29.12,1,1,3,4,Brooklyn,Queens
428,2,1/1/16,23:22,1/1/16,23:26,N,1,-73.86743164,40.74233246,-73.87261963,40.74873734,1,0.81,5.0,0.5,0.5,0.0,0.0,,0.3,6.3,2,1,23,23,Queens,Queens
429,2,1/1/16,1:25,1/1/16,1:31,N,1,-73.94281006,40.74703217,-73.97621918,40.74428177,1,2.51,9.0,0.5,0.5,3.17,5.54,,0.3,19.01,1,1,1,1,Queens,Manhattan
430,2,1/1/16,17:40,1/1/16,17:49,N,1,-73.98101807,40.69358826,-73.96989441,40.69328308,1,0.61,7.5,0.0,0.5,0.0,0.0,,0.3,8.3,2,1,17,17,Brooklyn,Brooklyn
431,2,1/1/16,1:45,1/1/16,1:53,N,1,-73.9486618,40.8237648,-73.93634033,40.83049011,6,1.64,7.5,0.5,0.5,0.0,0.0,,0.3,8.8,2,1,1,1,Manhattan,Manhattan
432,2,1/1/16,5:47,1/1/16,5:53,N,1,-73.88885498,40.74727631,-73.88237,40.74927139,1,0.93,6.0,0.5,0.5,0.0,0.0,,0.3,7.3,2,1,5,5,Queens,Queens
433,2,1/1/16,14:42,1/1/16,15:00,N,1,-73.95063019,40.68566513,-73.95804596,40.73332214,1,4.11,16.0,0.0,0.5,3.36,0.0,,0.3,20.16,1,1,14,15,Brooklyn,Brooklyn
434,2,1/1/16,5:03,1/1/16,5:11,N,1,-73.89732361,40.75424194,-73.87106323,40.75515747,1,1.47,8.0,0.5,0.5,0.0,0.0,,0.3,9.3,2,1,5,5,Queens,Queens
435,2,1/1/16,5:45,1/1/16,5:55,N,1,-73.96652222,40.71125793,-73.94210815,40.70085144,1,1.96,9.5,0.5,0.5,0.0,0.0,,0.3,10.8,2,1,5,5,Brooklyn,Brooklyn
436,2,1/1/16,18:27,1/1/16,18:30,N,1,-73.93080902,40.67940521,-73.92220306,40.68062592,1,0.59,4.0,0.0,0.5,0.96,0.0,,0.3,5.76,1,1,18,18,Brooklyn,Brooklyn
437,2,1/1/16,3:06,1/1/16,3:32,N,1,-73.92551422,40.70288849,-73.98526764,40.72203445,1,4.31,19.5,0.5,0.5,4.16,0.0,,0.3,24.96,1,1,3,3,Brooklyn,Manhattan
438,2,1/1/16,12:09,1/1/16,12:27,N,1,-73.93849945,40.81715012,-73.86142731,40.87047577,1,8.54,25.0,0.0,0.5,0.0,0.0,,0.3,25.8,1,1,12,12,Manhattan,Bronx
439,2,1/1/16,3:54,1/1/16,4:04,N,1,-73.90956116,40.83860397,-73.90679169,40.82867432,1,1.39,8.0,0.5,0.5,0.0,0.0,,0.3,9.3,2,1,3,4,Bronx,Bronx
440,2,1/1/16,10:18,1/1/16,10:30,N,1,-73.92544556,40.76180267,-73.95241547,40.77565002,1,4.02,14.0,0.0,0.5,3.7,0.0,,0.3,18.5,1,1,10,10,Queens,Manhattan
441,1,1/1/16,16:49,1/1/16,17:01,Y,1,-73.95255279999999,40.81065369,-73.97215271,40.7816658,2,2.4,11.0,1.0,0.5,0.0,0.0,,0.3,12.8,2,1,16,17,Manhattan,Manhattan
442,2,1/1/16,0:59,1/1/16,1:08,N,1,-73.94373322,40.81122589,-73.95858002,40.81991196,1,1.46,8.0,0.5,0.5,1.86,0.0,,0.3,11.16,1,1,0,1,Manhattan,Manhattan
443,2,1/1/16,3:54,1/1/16,4:21,N,1,-73.9198761,40.69527054,-73.97731781,40.66653824,2,5.79,22.0,0.5,0.5,4.66,0.0,,0.3,27.96,1,1,3,4,Brooklyn,Brooklyn
444,2,1/1/16,15:54,1/1/16,16:05,N,1,-73.8440094,40.72109222,-73.85263062,40.74393463,1,1.8,9.5,0.0,0.5,0.0,0.0,,0.3,10.3,1,1,15,16,Queens,Queens
445,1,1/1/16,20:02,1/1/16,20:18,N,1,-73.8443985,40.72117233,-73.83480835,40.71395874,1,1.4,11.0,0.5,0.5,0.0,0.0,,0.3,12.3,2,1,20,20,Queens,Queens
446,2,1/1/16,0:19,1/1/16,0:28,N,1,-73.99183655,40.69988632,-73.96024323,40.6925354,1,2.19,9.0,0.5,0.5,2.58,0.0,,0.3,12.88,1,1,0,0,Brooklyn,Brooklyn
447,2,1/1/16,14:20,1/1/16,14:24,N,1,-73.95220184,40.81055069,-73.94007111,40.80555344,1,0.73,5.0,0.0,0.5,1.74,0.0,,0.3,7.54,1,1,14,14,Manhattan,Manhattan
448,1,1/1/16,21:42,1/1/16,21:52,N,1,-73.95282745,40.81093216,-73.98109436,40.77843475,1,3.0,10.5,0.5,0.5,2.95,0.0,,0.3,14.75,1,1,21,21,Manhattan,Manhattan
449,2,1/1/16,20:00,1/1/16,20:17,N,1,-73.97351074,40.68311691,-73.91466522,40.67769241,2,3.65,14.5,0.0,0.5,3.82,0.0,,0.3,19.12,1,1,20,20,Brooklyn,Brooklyn
450,2,1/1/16,1:17,1/1/16,1:36,N,1,-73.92858124,40.70465088,-73.98099518,40.68652725,1,5.11,19.0,0.5,0.5,4.06,0.0,,0.3,24.36,1,1,1,1,Kings County,Brooklyn
451,2,1/1/16,2:43,1/1/16,2:49,N,1,-73.95731354,40.66464233,-73.94428253,40.67670822,1,1.86,8.0,0.5,0.5,1.86,0.0,,0.3,11.16,1,1,2,2,Brooklyn,Crown Heights
452,2,1/1/16,2:39,1/1/16,2:49,N,1,-73.98760986,40.66776657,-73.97052002,40.68072128,1,1.48,8.5,0.5,0.5,0.0,0.0,,0.3,9.8,2,1,2,2,Brooklyn,Brooklyn
453,1,1/1/16,15:56,1/1/16,16:17,N,1,-73.95681,40.74795151,-73.99230194,40.68501282,1,6.7,22.0,0.0,0.5,4.55,0.0,,0.3,27.35,1,1,15,16,Queens,Brooklyn
454,1,1/1/16,11:57,1/1/16,12:06,N,1,-73.91940308,40.75849533,-73.93266296,40.769725799999996,1,1.6,8.0,0.0,0.5,0.0,0.0,,0.3,8.8,2,1,11,12,Queens,Queens
455,2,1/1/16,2:04,1/1/16,2:24,N,1,-73.98365021,40.66437531,-73.9961853,40.73222733,5,6.72,21.5,0.5,0.5,0.0,0.0,,0.3,22.8,2,1,2,2,Brooklyn,Manhattan
456,2,1/1/16,5:47,1/1/16,6:04,N,1,-73.90634155,40.69695663,-73.83857727,40.71717072,1,6.16,20.0,0.5,0.5,4.7,0.0,,0.3,26.0,1,1,5,6,New York,Queens
457,2,1/1/16,4:42,1/1/16,5:08,N,1,-73.84684753,40.72094345,-73.94333649,40.7531662,1,7.56,27.0,0.5,0.5,0.0,0.0,,0.3,28.3,1,1,4,5,Queens,Queens
458,2,1/1/16,18:03,1/1/16,18:30,N,4,-73.95663452,40.74483871,-73.61562347,40.78487778,1,20.04,69.0,0.0,0.5,10.0,0.0,,0.3,79.8,1,1,18,18,Queens,North Hempstead
459,2,1/1/16,20:00,1/2/16,0:00,N,1,-73.8741684,40.73509979,-73.81703949,40.70669174,1,4.12,15.5,0.5,0.5,0.0,0.0,,0.3,16.8,2,1,20,0,Queens,Queens
460,2,1/1/16,20:36,1/1/16,20:54,N,1,-74.00156403,40.65698624,-73.99797821,40.73448944,1,6.83,21.0,0.5,0.5,4.46,0.0,,0.3,26.76,1,1,20,20,Brooklyn,Manhattan
461,2,1/1/16,4:45,1/1/16,4:46,N,1,-73.94647217,40.81668854,-73.9487915,40.81342697,6,0.15,2.5,0.5,0.5,0.0,0.0,,0.3,3.8,2,1,4,4,Manhattan,Manhattan
462,2,1/1/16,5:53,1/1/16,6:09,N,1,-74.02044678,40.64912033,-74.0090332,40.71086121,1,7.89,24.0,0.5,0.5,5.06,0.0,,0.3,30.36,1,1,5,6,Brooklyn,Manhattan
463,2,1/1/16,22:00,1/1/16,22:04,N,1,-73.94216919,40.75416946,-73.93146515,40.76535034,1,0.95,5.5,0.5,0.5,1.36,0.0,,0.3,8.16,1,1,22,22,Queens,Queens
464,2,1/1/16,0:24,1/1/16,0:31,N,1,-73.9108429,40.77626801,-73.92388916,40.76125336,1,1.82,7.5,0.5,0.5,0.0,0.0,,0.3,8.8,2,1,0,0,Queens,Queens
465,1,1/1/16,2:06,1/1/16,2:13,N,1,-73.88464355,40.86679077,-73.9005127,40.86356735,1,1.1,7.0,0.5,0.5,0.0,0.0,,0.3,8.3,2,1,2,2,Bronx,Bronx
466,2,1/1/16,5:08,1/1/16,5:39,N,1,-73.81069946,40.70542145,-73.89096069,40.73955154,1,4.97,24.0,0.5,0.5,0.0,0.0,,0.3,25.3,2,1,5,5,Queens,Queens
467,2,1/1/16,18:02,1/1/16,18:21,N,1,-73.94316864,40.64364243,-73.93777466,40.68997955,1,4.18,16.0,0.0,0.5,0.0,0.0,,0.3,16.8,2,1,18,18,Brooklyn,Brooklyn
468,2,1/1/16,0:36,1/1/16,0:56,N,1,-73.92086029,40.82628632,-73.96643066,40.80425644,1,3.7,16.5,0.5,0.5,3.56,0.0,,0.3,21.36,1,1,0,0,Bronx,Manhattan
469,2,1/1/16,16:13,1/1/16,16:23,N,1,-73.91890717,40.74299622,-73.89797211,40.75797272,1,1.94,9.0,0.0,0.5,0.0,0.0,,0.3,9.8,2,1,16,16,Queens,Queens
470,1,1/1/16,20:33,1/1/16,20:52,N,1,-73.95017242,40.67327499,-73.92271423,40.63560486,1,4.1,16.5,0.5,0.5,0.0,0.0,,0.3,17.8,2,1,20,20,Brooklyn,Brooklyn
471,1,1/1/16,1:26,1/1/16,1:31,N,1,-73.94468689,40.72560120000001,-73.95494079999999,40.73431396,2,1.1,6.0,0.5,0.5,2.15,0.0,,0.3,9.45,1,1,1,1,Brooklyn,Brooklyn
472,2,1/1/16,16:51,1/1/16,17:29,N,1,-73.89108276,40.74686813,-73.98383331,40.76818848,1,7.09,29.5,0.0,0.5,0.0,0.0,,0.3,30.3,2,1,16,17,Queens,New York
473,1,1/1/16,22:33,1/1/16,22:55,N,1,-73.90484619,40.74137115,-73.90651703,40.71958923,1,4.4,17.5,0.5,0.5,3.75,0.0,,0.3,22.55,1,1,22,22,Queens,Queens
474,2,1/1/16,4:10,1/1/16,4:20,N,1,-73.90330505,40.7456665,-73.91471863,40.76834869,5,3.24,12.0,0.5,0.5,3.99,0.0,,0.3,17.29,1,1,4,4,Queens,Queens
475,1,1/1/16,5:03,1/1/16,5:12,N,1,-74.00447845,40.6812706,-73.98193359,40.68022156,1,2.0,9.0,0.5,0.5,0.0,0.0,,0.3,10.3,2,1,5,5,Brooklyn,Brooklyn
476,2,1/1/16,15:00,1/1/16,15:48,N,1,-73.94023132,40.80563354,-73.95240021,40.82366943,1,1.89,28.5,0.0,0.5,0.0,0.0,,0.3,29.3,2,1,15,15,Manhattan,Manhattan
477,1,1/1/16,21:06,1/1/16,21:10,N,1,-73.95589447,40.71745682,-73.95739746,40.71068192,1,0.7,4.5,0.5,0.5,1.15,0.0,,0.3,6.95,1,1,21,21,Brooklyn,Brooklyn
478,2,1/1/16,6:01,1/1/16,6:12,N,1,-73.95219421,40.71701813,-73.9256897,40.70012283,1,2.2,10.0,0.0,0.5,0.0,0.0,,0.3,10.8,2,1,6,6,Brooklyn,Brooklyn
479,2,1/1/16,23:09,1/1/16,23:14,N,1,-73.96386719,40.80304337,-73.97637939,40.78569794,1,1.68,7.0,0.5,0.5,1.66,0.0,,0.3,9.96,1,1,23,23,Manhattan,Manhattan
480,1,1/1/16,3:33,1/1/16,3:36,N,1,-73.91889954,40.76584625,-73.92478179999999,40.75864792,1,0.6,4.0,0.5,0.5,0.0,0.0,,0.3,5.3,2,1,3,3,Queens,Queens
481,2,1/1/16,4:33,1/1/16,4:38,N,1,-73.91734314,40.7426033,-73.90306854,40.74249268,1,0.99,6.0,0.5,0.5,0.0,0.0,,0.3,7.3,2,1,4,4,Queens,Queens
482,2,1/1/16,15:39,1/2/16,15:21,N,1,-73.88310242,40.74775696,-73.89585114,40.74649048,1,0.68,5.5,0.0,0.5,0.0,0.0,,0.3,6.3,1,1,15,15,Queens,Queens
483,2,1/1/16,0:15,1/1/16,0:24,N,2,-73.92566681,40.74377441,-73.9020462,40.7486763,1,1.55,52.0,0.0,0.5,0.0,0.0,,0.3,52.8,2,1,0,0,Queens,Queens
484,2,1/1/16,1:06,1/1/16,1:17,N,1,-73.95308685,40.80712891,-73.95272827,40.80308151,1,0.44,7.5,0.5,0.5,0.0,0.0,,0.3,8.8,2,1,1,1,Manhattan,Manhattan
485,2,1/1/16,3:16,1/1/16,3:36,N,1,-73.86457825,40.73067856,-73.90940857,40.69028091,1,7.63,24.5,0.5,0.5,6.45,0.0,,0.3,32.25,1,1,3,3,Queens,Brooklyn
486,1,1/1/16,0:20,1/1/16,0:24,N,1,-73.93898773,40.82665634,-73.94837952,40.81411743,1,1.0,5.5,0.5,0.5,0.0,0.0,,0.3,6.8,2,1,0,0,Manhattan,Manhattan
487,2,1/1/16,23:59,1/2/16,0:06,N,1,-73.87876892,40.76347351,-73.88993073,40.74935913,2,1.79,7.5,0.5,0.5,2.0,0.0,,0.3,10.8,1,1,23,0,Queens,Queens
488,2,1/1/16,2:30,1/1/16,2:38,N,1,-73.95623016,40.70795441,-73.94529724,40.70094299,1,1.16,7.0,0.5,0.5,0.0,0.0,,0.3,8.3,2,1,2,2,Brooklyn,Brooklyn
489,1,1/1/16,11:00,1/1/16,11:03,N,1,-73.9562912,40.8131752,-73.95095062,40.81008911,1,0.4,4.0,0.0,0.5,0.0,0.0,,0.3,4.8,2,1,11,11,Manhattan,Manhattan
490,2,1/1/16,15:45,1/1/16,16:09,N,1,-73.92563629,40.76202774,-73.89681244,40.70622253,1,5.64,21.5,0.0,0.5,4.46,0.0,,0.3,26.76,1,1,15,16,Queens,Queens
491,2,1/1/16,14:44,1/1/16,14:48,N,1,-73.95399475,40.78750229,-73.94104767,40.80690765,1,1.56,6.0,0.0,0.5,1.0,0.0,,0.3,7.8,1,1,14,14,Manhattan,Manhattan
492,2,1/1/16,2:05,1/1/16,2:29,N,1,-73.96144867,40.69827652,-73.94496155,40.78341675,1,10.36,30.5,0.5,0.5,6.36,0.0,,0.3,38.16,1,1,2,2,Brooklyn,Manhattan
493,2,1/1/16,2:40,1/1/16,3:03,N,1,-73.86381531,40.7469635,-73.84906006,40.79082108,1,7.29,24.5,0.5,0.5,0.0,0.0,,0.3,25.8,2,1,2,3,Queens,Queens
494,2,1/1/16,5:20,1/1/16,5:39,N,1,-73.96191406,40.66238403,-73.90553284,40.69399643,2,5.63,18.5,0.5,0.5,0.0,0.0,,0.3,19.8,2,1,5,5,Brooklyn,Queens
495,2,1/1/16,17:01,1/1/16,17:08,N,1,-73.95638275,40.73574066,-73.93782806,40.73435974,1,1.58,7.0,0.0,0.5,2.0,0.0,,0.3,9.8,1,1,17,17,Brooklyn,Queens
496,2,1/1/16,2:32,1/1/16,2:49,N,1,-73.96203613,40.71582794,-73.92771149,40.69776917,1,2.8,13.0,0.5,0.5,0.0,0.0,,0.3,14.3,2,1,2,2,Brooklyn,Brooklyn
497,1,1/1/16,2:50,1/1/16,3:16,N,1,-73.96806335,40.68001938,-73.94873047,40.77384567,1,9.6,30.5,0.5,0.5,6.35,0.0,,0.3,38.15,1,1,2,3,Brooklyn,Manhattan
498,1,1/1/16,0:51,1/1/16,0:59,N,1,-73.91423798,40.76491547,-73.91301727,40.748779299999995,1,1.3,7.5,0.5,0.5,1.75,0.0,,0.3,10.55,1,1,0,0,Queens,Queens
499,2,1/1/16,0:51,1/1/16,1:02,N,1,-73.94449615,40.80921936,-73.97219086,40.79480362,1,2.28,10.0,0.5,0.5,0.0,0.0,,0.3,11.3,2,1,0,1,Manhattan,Manhattan
