,Unnamed: 0,VendorID,pickup_date,pickup_time,drop_date,drop_time,Store_and_fwd_flag,RateCodeID,Pickup_longitude,Pickup_latitude,Dropoff_longitude,Dropoff_latitude,Passenger_count,Trip_distance,Fare_amount,Extra,MTA_tax,Tip_amount,Tolls_amount,Ehail_fee,improvement_surcharge,Total_amount,Payment_type,Trip_type ,pickup_time_hour,drop_time_hour,pickup_location
501,43045,2,1/1/16,14:33,1/1/16,14:57,N,1,-73.91618347,40.76108551,-73.97724152,40.67222214,2,10.89,32.5,0.0,0.5,6.66,0.0,,0.3,39.96,1,1.0,14,14,Queens
502,33255,2,1/1/16,6:06,1/1/16,6:21,N,1,-73.94902039,40.82857132,-73.98371887,40.75953674,1,6.15,20.0,0.0,0.5,0.0,0.0,,0.3,20.8,2,1.0,6,6,Manhattan
503,60439,2,1/1/16,22:22,1/1/16,22:32,N,1,-73.97924805,40.6934433,-73.94763184,40.68656158,1,2.43,10.5,0.5,0.5,0.0,0.0,,0.3,11.8,2,1.0,22,22,Brooklyn
504,13067,1,1/1/16,1:08,1/1/16,1:19,N,1,-73.91212463,40.77497482,-73.92276001,40.76657867,1,0.9,8.0,0.5,0.5,0.0,0.0,,0.3,9.3,2,1.0,1,1,Queens
505,50963,2,1/1/16,18:33,1/1/16,18:41,N,1,-73.91640472,40.75771713,-73.91529083,40.74110031,1,1.86,8.5,0.0,0.5,0.0,0.0,,0.3,9.3,2,1.0,18,18,Queens
506,28221,2,1/1/16,4:40,1/1/16,4:58,N,1,-73.9067688,40.77344513,-73.90054321,40.70851517,1,5.9,19.5,0.5,0.5,0.0,0.0,,0.3,20.8,2,1.0,4,4,Queens
507,45328,1,1/1/16,15:54,1/1/16,15:57,N,1,-73.94517517,40.80867386,-73.94257355,40.81661224,2,0.7,5.0,0.0,0.5,1.45,0.0,,0.3,7.25,1,1.0,15,15,Manhattan
508,14362,2,1/1/16,2:05,1/1/16,2:26,N,1,-73.96463013,40.68458939,-74.00964355,40.64948654,1,5.14,18.5,0.5,0.5,0.0,0.0,,0.3,19.8,2,1.0,2,2,Brooklyn
509,36164,1,1/1/16,7:03,1/1/16,7:08,N,1,-73.87338257,40.75686646,-73.87969971,40.74663162,1,1.0,6.0,0.0,0.5,0.0,0.0,,0.3,6.8,2,1.0,7,7,Queens
510,40569,1,1/1/16,12:56,1/1/16,13:12,N,1,-73.89894867,40.7461319,-73.83032990000002,40.75946808,1,3.8,14.5,0.0,0.5,0.0,0.0,,0.3,15.3,2,1.0,12,13,Queens
511,44355,2,1/1/16,15:30,1/1/16,15:35,N,1,-73.91355896,40.76541519,-73.90093231,40.77272797,1,1.15,5.5,0.0,0.5,0.0,0.0,,0.3,6.3,2,1.0,15,15,Queens
512,13615,2,1/1/16,2:04,1/1/16,2:14,N,1,-73.93990326,40.70795441,-73.95623016,40.72066116,1,1.57,8.5,0.5,0.5,1.96,0.0,,0.3,11.76,1,1.0,2,2,Brooklyn
513,49428,2,1/1/16,17:56,1/2/16,0:00,N,1,-73.95919037,40.65237045,-73.90517426,40.65922546,1,3.38,14.5,0.0,0.5,0.0,0.0,,0.3,15.3,2,1.0,17,0,Brooklyn
514,17787,2,1/1/16,2:52,1/1/16,3:08,N,1,-73.96498108,40.71474075,-73.95700836,40.67037582,1,3.34,13.0,0.5,0.5,2.0,0.0,,0.3,16.3,1,1.0,2,3,Brooklyn
515,53141,2,1/1/16,19:25,1/1/16,19:31,N,1,-73.94623566,40.80696869,-73.94256592,40.82314682,5,1.5,7.0,0.0,0.5,1.56,0.0,,0.3,9.36,1,1.0,19,19,Manhattan
516,212,2,1/1/16,0:32,1/1/16,0:40,N,1,-73.97542572,40.67456055,-73.99774933,40.6786232,1,1.49,7.5,0.5,0.5,2.0,0.0,,0.3,10.8,1,1.0,0,0,Brooklyn
517,7568,2,1/1/16,1:05,1/1/16,1:23,N,1,-73.95915222,40.64362717,-73.92446136,40.65254593,1,2.79,13.5,0.5,0.5,0.0,0.0,,0.3,14.8,2,1.0,1,1,Brooklyn
518,2696,2,1/1/16,0:41,1/1/16,1:12,N,1,-73.95921326,40.80919266,-73.98262024,40.72343063,1,9.46,31.5,0.5,0.5,6.56,0.0,,0.3,39.36,1,1.0,0,1,Manhattan
519,29336,1,1/1/16,4:37,1/1/16,4:39,N,1,-73.91975403,40.77809525,-73.92655182,40.77252960000001,1,0.6,4.0,0.5,0.5,1.05,0.0,,0.3,6.35,1,1.0,4,4,Queens
520,52030,1,1/1/16,18:51,1/1/16,19:07,N,1,-73.95300293,40.80774689,-73.98841095,40.77654648,2,3.4,14.0,0.0,0.5,3.7,0.0,,0.3,18.5,1,1.0,18,19,Manhattan
521,19299,1,1/1/16,2:14,1/1/16,2:34,N,1,-73.95037842,40.70677567,-73.97199249,40.67475128,1,5.0,19.0,0.5,0.5,4.05,0.0,,0.3,24.35,1,1.0,2,2,Brooklyn
522,24224,1,1/1/16,3:54,1/1/16,4:14,N,1,-73.95788574,40.73195267,-73.95495605,40.66986084,1,5.3,18.5,0.5,0.5,3.95,0.0,,0.3,23.75,1,1.0,3,4,Brooklyn
523,12229,1,1/1/16,1:44,1/1/16,2:26,N,1,-73.96067047,40.71964645,-73.97290802,40.74358749,1,5.0,26.5,0.5,0.5,0.0,0.0,,0.3,27.8,1,1.0,1,2,Brooklyn
524,39309,2,1/1/16,11:38,1/1/16,11:58,N,1,-73.96439362,40.69585419,-73.95898438,40.76312637,5,8.37,26.0,0.0,0.5,0.0,0.0,,0.3,26.8,2,1.0,11,11,New York
525,13654,2,1/1/16,2:08,1/1/16,2:15,N,1,-73.97213745,40.68111038,-73.94877625,40.67840195,1,1.36,7.0,0.5,0.5,0.0,0.0,,0.3,8.3,2,1.0,2,2,Brooklyn
526,28371,2,1/1/16,4:52,1/1/16,5:02,N,1,-73.91040039,40.7654686,-73.88341522,40.74983215,1,2.26,10.0,0.5,0.5,2.0,0.0,,0.3,13.3,1,1.0,4,5,Queens
527,63365,2,1/1/16,23:35,1/1/16,23:54,N,1,-73.94083405,40.82441711,-73.99878693,40.75139236,1,7.32,23.0,0.5,0.5,0.0,0.0,,0.3,24.3,2,1.0,23,23,Manhattan
528,44871,2,1/1/16,15:47,1/1/16,15:55,N,1,-73.84421539,40.72137070000001,-73.83237457,40.73084259,1,1.48,7.5,0.0,0.5,0.0,0.0,,0.3,8.3,2,1.0,15,15,Queens
529,54477,1,1/1/16,19:59,1/1/16,20:11,N,1,-73.87740326,40.74617767,-73.90812683,40.73595047,1,2.6,11.0,0.0,0.5,0.0,0.0,,0.3,11.8,2,1.0,19,20,Queens
530,49734,1,1/1/16,17:30,1/1/16,17:38,N,5,-73.88877106,40.84245682,-73.90563965,40.84603882,2,1.4,8.0,0.0,0.0,0.0,0.0,,0.0,8.0,2,2.0,17,17,Bronx
531,12833,1,1/1/16,1:18,1/1/16,1:40,N,1,-73.90263367,40.77705765,-73.90307617,40.74568939,1,4.0,18.0,0.5,0.5,0.0,0.0,,0.3,19.3,2,1.0,1,1,Queens
532,48207,2,1/1/16,17:21,1/1/16,17:30,N,1,-73.80760956,40.70032501,-73.79600525,40.66776657,1,2.85,10.5,0.0,0.5,2.26,0.0,,0.3,13.56,1,1.0,17,17,Queens
533,24798,1,1/1/16,3:24,1/1/16,3:34,N,1,-73.98745728,40.69134521,-74.00491333,40.67388916,1,1.9,9.0,0.5,0.5,0.0,0.0,,0.3,10.3,2,1.0,3,3,Brooklyn
534,8697,2,1/1/16,1:00,1/1/16,1:38,N,1,-73.92556763,40.69155121,-73.97358704,40.73836136,1,5.88,26.5,0.5,0.5,1.0,0.0,,0.3,28.8,1,1.0,1,1,Brooklyn
535,14880,2,1/1/16,2:21,1/1/16,2:33,N,1,-73.91043854,40.75497055,-73.9442215,40.7549057,1,2.24,10.0,0.5,0.5,0.0,0.0,,0.3,11.3,1,1.0,2,2,Queens
536,20168,2,1/1/16,3:07,1/1/16,3:18,N,1,-73.94545746,40.74598694,-73.92209625,40.76464844,2,2.3,10.0,0.5,0.5,0.0,0.0,,0.3,11.3,2,1.0,3,3,Queens
537,4970,2,1/1/16,0:29,1/1/16,0:38,N,1,-73.91413879,40.85185623,-73.93631744,40.84069061,1,1.71,8.5,0.5,0.5,0.0,0.0,,0.3,9.8,2,1.0,0,0,Bronx
538,14276,2,1/1/16,2:17,1/1/16,2:25,N,1,-73.95597076,40.80612183,-73.9500885,40.79801559,5,1.24,7.0,0.5,0.5,0.0,0.0,,0.3,8.3,2,1.0,2,2,Manhattan
539,11700,2,1/1/16,1:58,1/1/16,2:20,N,1,-73.88189697,40.75598907,-73.88383484,40.75586319,1,4.38,18.5,0.5,0.5,0.0,0.0,,0.3,19.8,2,1.0,1,2,Queens
540,5581,1,1/1/16,0:39,1/1/16,1:10,N,1,-73.95437622,40.79972458,-73.99335479999998,40.73612595,1,6.0,23.5,0.5,0.5,4.95,0.0,,0.3,29.75,1,1.0,0,1,Manhattan
541,2258,2,1/1/16,0:58,1/1/16,1:05,N,1,-73.98099518,40.66756058,-73.97369385,40.65607834,1,1.22,6.5,0.5,0.5,0.0,0.0,,0.3,7.8,2,1.0,0,1,Brooklyn
542,1158,2,1/1/16,0:49,1/1/16,0:52,N,1,-73.87687683,40.74847412,-73.88470459,40.74769211,1,0.36,4.0,0.5,0.5,0.0,0.0,,0.3,5.3,2,1.0,0,0,Queens
543,12576,1,1/1/16,1:29,1/1/16,1:36,N,1,-73.99585724,40.69056320000001,-73.98318481,40.69499588,1,1.1,6.5,0.5,0.5,0.0,0.0,,0.3,7.8,2,1.0,1,1,Brooklyn
544,25860,2,1/1/16,4:07,1/1/16,4:19,N,1,-73.89670563,40.74627686,-73.86102295,40.74766159,6,2.29,10.0,0.5,0.5,0.0,0.0,,0.3,11.3,2,1.0,4,4,Queens
545,46710,2,1/1/16,16:37,1/1/16,16:51,N,1,-73.93937683,40.80509949,-73.9756012,40.77622604,1,3.52,13.0,0.0,0.5,0.0,0.0,,0.3,13.8,2,1.0,16,16,Manhattan
546,46276,2,1/1/16,16:13,1/1/16,16:32,N,1,-73.95855713,40.68676758,-73.99706268,40.74151611,1,5.9,19.5,0.0,0.5,2.0,0.0,,0.3,22.3,1,1.0,16,16,Brooklyn
547,27638,2,1/1/16,4:36,1/1/16,4:48,N,1,-73.93147278,40.70371628,-73.89429474,40.70306778,1,2.51,10.0,0.5,0.5,0.0,0.0,,0.3,11.3,2,1.0,4,4,Brooklyn
548,55173,2,1/1/16,20:04,1/1/16,20:15,N,1,-73.98680878,40.7023468,-73.95722961,40.72234726,2,3.67,13.0,0.5,0.5,0.0,0.0,,0.3,14.3,2,1.0,20,20,Brooklyn
549,60127,2,1/1/16,22:09,1/1/16,22:22,N,1,-73.94462585,40.83466339,-73.96530151,40.80387115,1,2.51,11.5,0.5,0.5,0.0,0.0,,0.3,12.8,2,1.0,22,22,Manhattan
550,35402,2,1/1/16,7:36,1/1/16,7:39,N,1,-73.91059875,40.74468231,-73.91333008,40.74602127,1,0.29,3.5,0.0,0.5,0.0,0.0,,0.3,4.3,2,1.0,7,7,Queens
551,39988,2,1/1/16,12:16,1/1/16,12:29,N,1,-73.95307159,40.80752182,-73.95549774,40.77254105,1,3.21,13.0,0.0,0.5,5.0,0.0,,0.3,18.8,1,1.0,12,12,Manhattan
552,19668,2,1/1/16,3:00,1/1/16,3:05,N,1,-73.90976715,40.66725922,-73.91994476,40.67525864,1,1.13,6.0,0.5,0.5,0.0,0.0,,0.3,7.3,2,1.0,3,3,Brooklyn
553,31123,2,1/1/16,5:30,1/1/16,5:37,N,1,-73.88742828,40.74726105,-73.90013885,40.74127579,1,1.07,6.5,0.5,0.5,0.0,0.0,,0.3,7.8,2,1.0,5,5,Queens
554,27855,2,1/1/16,4:44,1/1/16,4:52,N,1,-73.88874054,40.74706268,-73.87872314,40.7553215,6,0.0,6.0,0.5,0.5,0.0,0.0,,0.3,7.3,2,1.0,4,4,Queens
555,14587,2,1/1/16,2:11,1/1/16,2:28,N,1,-73.91347504,40.8196106,-73.90029907,40.85656357,1,3.49,14.0,0.5,0.5,0.0,0.0,,0.3,15.3,2,1.0,2,2,Bronx
556,20597,2,1/1/16,3:03,1/1/16,3:23,N,1,-73.8871994,40.74728775,-73.85525513,40.74322891,1,2.94,14.0,0.5,0.5,0.0,0.0,,0.3,15.3,2,1.0,3,3,Queens
557,21677,2,1/1/16,3:21,1/1/16,3:40,N,1,-73.95705414,40.72209167,-73.89221954,40.73854828,1,5.01,18.5,0.5,0.5,0.0,0.0,,0.3,19.8,2,1.0,3,3,Brooklyn
558,26618,2,1/1/16,4:15,1/1/16,4:32,N,1,-73.93509674,40.84988022,-73.89830017,40.85368347,1,2.75,14.0,0.5,0.5,0.0,0.0,,0.3,15.3,2,1.0,4,4,Manhattan
559,41369,2,1/1/16,13:36,1/1/16,13:45,N,1,-73.92333984,40.75497055,-73.94998169,40.74697495,1,1.66,8.5,0.0,0.5,0.0,0.0,,0.3,9.3,2,1.0,13,13,Queens
560,2793,2,1/1/16,0:54,1/1/16,1:15,N,1,-73.949646,40.80203247,-73.89678955,40.85428238,1,5.69,20.5,0.5,0.5,0.0,0.0,,0.3,21.8,2,1.0,0,1,Manhattan
561,62647,2,1/1/16,23:02,1/1/16,23:27,N,1,-73.95789337,40.72172928,-73.97485352,40.75563049,1,5.81,21.0,0.5,0.5,0.0,0.0,,0.3,22.3,2,1.0,23,23,Brooklyn
562,42243,2,1/1/16,14:00,1/1/16,14:17,N,1,-73.9981308,40.68984222,-73.95095825,40.66498947,1,3.61,15.0,0.0,0.5,3.16,0.0,,0.3,18.96,1,1.0,14,14,Brooklyn
563,51286,2,1/1/16,18:43,1/1/16,18:50,N,1,-73.91890717,40.75905609,-73.89730072,40.75873947,1,1.34,7.0,0.0,0.5,0.0,0.0,,0.3,7.8,2,1.0,18,18,Queens
564,53294,2,1/1/16,19:23,1/1/16,19:36,N,1,-73.92549133,40.7617569,-73.92130279999998,40.73968887,1,2.02,10.5,0.0,0.5,0.0,0.0,,0.3,11.3,1,1.0,19,19,Queens
565,24687,1,1/1/16,3:31,1/1/16,3:35,N,1,-73.87958527,40.75030136,-73.88597107,40.74860764,1,0.4,4.5,0.5,0.5,0.0,0.0,,0.3,5.8,2,1.0,3,3,Queens
566,44359,2,1/1/16,15:29,1/1/16,15:36,N,1,-73.939888,40.80549622,-73.95198822,40.80918121,1,0.91,6.0,0.0,0.5,0.0,0.0,,0.3,6.8,2,1.0,15,15,Manhattan
567,38694,1,1/1/16,10:10,1/1/16,10:17,N,1,-73.90333557,40.74583817,-73.88652039,40.76914215,1,2.6,9.5,0.0,0.5,3.05,0.0,,0.3,13.35,1,1.0,10,10,Queens
568,45520,1,1/1/16,15:27,1/1/16,15:49,N,1,-73.99132538,40.70120239,-73.98333740000002,40.74985123,1,6.4,22.5,0.0,0.5,1.0,0.0,,0.3,24.3,1,1.0,15,15,Kings County
569,8192,2,1/1/16,1:21,1/1/16,1:32,N,1,-73.96851349,40.70906448,-74.00447845,40.68135071,1,4.56,15.0,0.5,0.5,3.26,0.0,,0.3,19.56,1,1.0,1,1,Brooklyn
570,38601,1,1/1/16,10:37,1/1/16,10:53,N,1,-73.86266327,40.7498436,-73.9575882,40.74515533,1,6.9,21.0,0.0,0.5,0.0,0.0,,0.3,21.8,2,1.0,10,10,Queens
571,3651,2,1/1/16,0:10,1/1/16,0:21,N,1,-73.94857025,40.71783447,-73.95845032,40.68180466,1,3.04,11.5,0.5,0.5,2.56,0.0,,0.3,15.36,1,1.0,0,0,Brooklyn
572,7270,2,1/1/16,1:12,1/1/16,1:21,N,1,-73.98699951,40.67892838,-73.98726654,40.69229889,1,1.41,8.0,0.5,0.5,1.86,0.0,,0.3,11.16,1,1.0,1,1,Brooklyn
573,26291,2,1/1/16,4:26,1/1/16,4:27,N,1,-73.94645691,40.78416061,-73.92917633,40.79650497,1,0.99,4.5,0.5,0.5,0.0,0.0,,0.3,5.8,2,1.0,4,4,Manhattan
574,23834,2,1/1/16,3:35,1/1/16,4:12,N,3,-73.96286774,40.71724701,-74.17737579,40.6950798,2,16.13,65.0,0.5,0.0,0.0,10.5,,0.3,76.3,2,1.0,3,4,Brooklyn
575,54081,2,1/1/16,19:54,1/1/16,19:59,N,1,-73.93682861,40.8022995,-73.94941711,40.81138992,1,1.06,5.5,0.0,0.5,0.0,0.0,,0.3,6.3,2,1.0,19,19,Manhattan
576,24671,1,1/1/16,3:31,1/1/16,3:39,N,1,-73.91867828,40.76563263,-73.91209412,40.77378464,1,0.8,7.0,0.5,0.5,0.0,0.0,,0.3,8.3,4,1.0,3,3,Queens
577,21991,2,1/1/16,3:27,1/1/16,3:41,N,1,-73.95294189,40.81803131,-73.94263458,40.79428864,1,2.7,11.5,0.5,0.5,0.0,0.0,,0.3,12.8,2,1.0,3,3,Manhattan
578,36602,2,1/1/16,8:45,1/1/16,8:47,N,1,-73.94108582,40.81396484,-73.94521332,40.80830765,1,0.45,3.5,0.0,0.5,0.0,0.0,,0.3,4.3,1,1.0,8,8,Manhattan
579,57884,2,1/1/16,21:11,1/1/16,21:25,N,1,-73.91093445,40.77591324,-73.90444946,40.74471664,1,3.73,13.5,0.5,0.5,0.0,0.0,,0.3,14.8,2,1.0,21,21,Queens
580,1822,2,1/1/16,0:53,1/1/16,0:59,N,1,-73.97144318,40.64799881,-73.95965576,40.63631821,1,1.6,7.5,0.5,0.5,1.76,0.0,,0.3,10.56,1,1.0,0,0,Kings County
581,32642,1,1/1/16,5:27,1/1/16,5:32,N,1,-73.94985962,40.80195618,-73.96609497,40.80413055,1,1.1,6.0,0.5,0.5,0.0,0.0,,0.3,7.3,2,1.0,5,5,Manhattan
582,3179,2,1/1/16,0:04,1/1/16,0:07,N,1,-73.87715149,40.73763657,-73.87833405,40.74243927,1,0.54,4.0,0.5,0.5,0.0,0.0,,0.3,5.3,2,1.0,0,0,Queens County
583,41440,2,1/1/16,13:41,1/1/16,13:51,N,1,-73.90543365,40.83200455,-73.93297577,40.80366135,1,2.67,10.5,0.0,0.5,0.0,0.0,,0.3,11.3,2,1.0,13,13,Bronx
584,35251,2,1/1/16,7:01,1/1/16,7:29,N,1,-73.86900329999997,40.74840546,-73.95046997,40.7754097,1,7.29,26.5,0.0,0.5,0.0,0.0,,0.3,27.3,2,1.0,7,7,Queens
585,27025,2,1/1/16,4:28,1/1/16,4:38,N,1,-73.98674774,40.69765472,-73.99660492,40.68026352,1,1.54,9.0,0.5,0.5,3.09,0.0,,0.3,13.39,1,1.0,4,4,Brooklyn
586,59089,2,1/1/16,21:58,1/1/16,22:04,N,1,-73.98915863,40.69325256,-73.98883057,40.68916321,1,0.98,6.0,0.5,0.5,0.0,0.0,,0.3,7.3,2,1.0,21,22,Brooklyn
587,46756,2,1/1/16,16:41,1/1/16,16:52,N,1,-73.94786072,40.81467056,-73.91545868,40.84740829,3,3.74,13.0,0.0,0.5,0.0,0.0,,0.3,13.8,2,1.0,16,16,Manhattan
588,7872,2,1/1/16,1:23,1/1/16,1:28,N,1,-73.90404509999998,40.75379944,-73.88495636,40.7555809,1,1.03,6.0,0.5,0.5,0.0,0.0,,0.3,7.3,2,1.0,1,1,Queens
589,12447,1,1/1/16,1:35,1/1/16,1:50,N,1,-73.90011597,40.67723083,-73.94245911,40.69466782,1,3.4,13.5,0.5,0.5,0.0,0.0,,0.3,14.8,1,1.0,1,1,Brooklyn
590,50031,2,1/1/16,18:01,1/1/16,18:07,N,1,-73.93840027,40.82288742,-73.93927765,40.81522369,1,0.8,5.5,0.0,0.5,0.0,0.0,,0.3,6.3,2,1.0,18,18,Manhattan
591,11440,2,1/1/16,1:52,1/1/16,2:13,N,1,-73.88855743,40.75227356,-73.96092987,40.68135834,1,7.56,24.5,0.5,0.5,5.16,0.0,,0.3,30.96,1,1.0,1,2,Queens
592,54210,2,1/1/16,19:50,1/1/16,20:02,N,1,-73.97639465,40.68257523,-73.92098236,40.66901398,1,3.34,12.5,0.0,0.5,0.0,0.0,,0.3,13.3,2,1.0,19,20,Brooklyn
593,5898,1,1/1/16,0:25,1/1/16,0:30,N,1,-73.98184204,40.67448044,-73.99250031,40.66220856,1,1.0,6.0,0.5,0.5,2.15,0.0,,0.3,9.45,1,1.0,0,0,Brooklyn
594,15149,2,1/1/16,2:18,1/1/16,2:35,N,1,-73.92843628,40.75817871,-73.83119965,40.75435638,1,6.7,22.0,0.5,0.5,0.0,0.0,,0.3,23.3,2,1.0,2,2,Queens
595,25435,2,1/1/16,4:00,1/1/16,4:10,N,1,-73.91796112,40.77041626,-73.92137146,40.74526596,1,2.26,9.5,0.5,0.5,0.0,0.0,,0.3,10.8,2,1.0,4,4,Queens
596,17740,2,1/1/16,2:57,1/1/16,3:07,N,1,-73.88858795,40.74707413,-73.90930939,40.74504089,5,1.16,8.0,0.5,0.5,0.0,0.0,,0.3,9.3,2,1.0,2,3,Queens
597,8572,2,1/1/16,1:06,1/1/16,1:37,N,1,-73.96273041,40.67277145,-73.94985962,40.7796402,1,11.82,35.5,0.5,0.5,6.0,0.0,,0.3,42.8,1,1.0,1,1,Kings County
598,4745,2,1/1/16,0:28,1/1/16,0:35,N,1,-73.8764267,40.76805878,-73.86945343,40.7492981,1,1.36,7.0,0.5,0.5,0.0,0.0,,0.3,8.3,2,1.0,0,0,Queens
599,18085,2,1/1/16,2:55,1/1/16,3:16,N,1,-73.99375153,40.66826629999999,-73.90882874,40.77817154,1,12.84,35.5,0.5,0.5,7.36,0.0,,0.3,44.16,1,1.0,2,3,Brooklyn
600,25097,1,1/1/16,3:09,1/1/16,3:10,N,1,-73.95409393,40.80104446,-73.95340729,40.80195999,1,5.6,3.0,0.5,0.5,0.0,0.0,,0.3,4.3,3,1.0,3,3,Manhattan
601,46212,2,1/1/16,16:03,1/1/16,16:18,N,1,-73.87094879,40.73389816,-73.90847015,40.70556259,1,3.34,13.0,0.0,0.5,0.0,0.0,,0.3,13.8,2,1.0,16,16,Queens
602,51086,2,1/1/16,18:37,1/1/16,18:45,N,1,-73.86374664,40.73261642,-73.81227875,40.73366165,1,3.57,12.0,0.0,0.5,0.0,0.0,,0.3,12.8,2,1.0,18,18,Queens
603,63892,2,1/1/16,23:19,1/1/16,23:24,N,1,-73.88928986,40.74713135,-73.91332245,40.74606323,1,1.34,6.0,0.5,0.5,0.0,0.0,,0.3,7.3,2,1.0,23,23,Queens
604,5443,1,1/1/16,0:44,1/1/16,1:10,N,1,-73.94704437,40.74719620000001,-73.92941284,40.69778824,2,4.6,20.0,0.5,0.5,4.25,0.0,,0.3,25.55,1,1.0,0,1,Queens
605,31137,2,1/1/16,5:18,1/1/16,5:38,N,1,-73.95575714,40.8040123,-73.93775177,40.84813309,1,3.48,13.5,0.5,0.5,0.0,0.0,,0.3,14.8,2,1.0,5,5,Manhattan
606,5018,2,1/1/16,0:32,1/1/16,0:38,N,1,-73.94207001,40.83769226,-73.93959808,40.85029602,3,0.98,6.5,0.5,0.5,0.0,0.0,,0.3,7.8,2,1.0,0,0,Manhattan
607,46665,2,1/1/16,16:45,1/1/16,16:49,N,1,-73.95310211,40.78683853,-73.95417023,40.77889252,1,0.68,5.0,0.0,0.5,0.0,0.0,,0.3,5.8,2,1.0,16,16,Manhattan
608,50838,2,1/1/16,18:31,1/1/16,18:38,N,1,-73.93893433,40.8054657,-73.94965363,40.7846756,1,1.85,8.0,0.0,0.5,2.2,0.0,,0.3,11.0,1,1.0,18,18,Manhattan
609,31656,2,1/1/16,5:43,1/1/16,5:52,N,1,-73.94812775,40.70697403,-73.94241333,40.68415451,1,1.93,8.5,0.5,0.5,0.0,0.0,,0.3,9.8,2,1.0,5,5,Brooklyn
610,6522,2,1/1/16,1:08,1/1/16,1:08,N,5,-73.95004272,40.80643463,-73.95005035,40.806427,1,0.0,5.0,0.0,0.0,0.0,0.0,,0.0,5.0,1,2.0,1,1,Manhattan
611,40981,2,1/1/16,13:19,1/1/16,13:20,N,5,-73.8846817,40.83725739,-73.88505554,40.8366394,2,0.01,10.0,0.0,0.0,0.0,0.0,,0.0,10.0,2,2.0,13,13,Bronx
612,10945,2,1/1/16,1:57,1/1/16,2:03,N,1,-73.98771667,40.6674118,-73.98486328,40.67913818,1,1.1,6.5,0.5,0.5,0.0,0.0,,0.3,7.8,2,1.0,1,2,Brooklyn
613,897,2,1/1/16,0:39,1/1/16,0:48,N,1,-73.97661591,40.65568542,-73.99060822,40.67295837,1,1.92,8.5,0.5,0.5,0.0,0.0,,0.3,9.8,2,1.0,0,0,Brooklyn
614,46811,2,1/1/16,16:21,1/1/16,16:55,N,1,-73.94090271,40.83985138,-73.95706177,40.69425583,1,15.46,44.5,0.0,0.5,0.0,0.0,,0.3,45.3,2,1.0,16,16,Manhattan
615,45837,2,1/1/16,16:11,1/1/16,16:14,N,1,-73.86997986,40.72583389,-73.87120056,40.73399734,1,0.62,4.5,0.0,0.5,4.5,0.0,,0.3,9.8,1,1.0,16,16,Queens
616,11420,2,1/1/16,1:50,1/1/16,2:12,N,1,-73.94553375,40.7173233,-73.97702026,40.67248535,1,5.12,20.0,0.5,0.5,5.32,0.0,,0.3,26.62,1,1.0,1,2,Brooklyn
617,49490,2,1/1/16,17:56,1/1/16,19:10,N,1,-73.90506744,40.82701111,-73.84488678,40.83256149,5,4.34,16.0,0.0,0.5,0.0,0.0,,0.3,16.8,2,1.0,17,19,Bronx
618,12509,1,1/1/16,1:32,1/1/16,1:36,N,1,-73.93000793,40.85448837,-73.93650055,40.84553528,1,0.7,5.0,0.5,0.5,0.0,0.0,,0.3,6.3,2,1.0,1,1,Manhattan
619,52323,1,1/1/16,18:17,1/1/16,18:35,N,1,-73.9105835,40.77604294,-73.84474182,40.77859116,1,6.7,21.0,0.0,0.5,0.0,0.0,,0.3,21.8,2,1.0,18,18,Queens
620,20041,2,1/1/16,3:15,1/1/16,3:16,N,1,-73.91178131,40.77545547,-73.90854645,40.77781296,1,0.24,3.0,0.5,0.5,0.86,0.0,,0.3,5.16,1,1.0,3,3,Queens
621,8663,2,1/1/16,1:31,1/1/16,1:37,N,1,-73.89653015,40.8634758,-73.90595245,40.84976196,1,1.08,6.5,0.5,0.5,0.0,0.0,,0.3,7.8,2,1.0,1,1,Bronx
622,18416,1,1/1/16,2:55,1/1/16,2:58,N,1,-73.93493652,40.79662323,-73.94313812,40.79378891,1,0.7,4.5,0.5,0.5,0.0,0.0,,0.3,5.8,2,1.0,2,2,Manhattan
623,54344,2,1/1/16,19:54,1/1/16,20:02,N,1,-73.92940521,40.67929077,-73.93202972,40.69729614,5,1.46,7.5,0.0,0.5,0.0,0.0,,0.3,8.3,2,1.0,19,20,Brooklyn
624,53479,2,1/1/16,19:40,1/1/16,19:42,N,1,-73.9151535,40.76402664,-73.92110443,40.76327133,1,0.43,3.5,0.0,0.5,0.0,0.0,,0.3,4.3,2,1.0,19,19,Queens
625,15701,2,1/1/16,2:25,1/1/16,2:43,N,1,-73.830513,40.75949478,-73.93623352,40.79907227,1,8.69,26.0,0.5,0.5,4.93,5.54,,0.3,37.77,1,1.0,2,2,Queens
626,9001,2,1/1/16,1:12,1/1/16,1:41,N,1,-73.87832642,40.82852554,-73.91136169,40.84745026,1,5.7,23.5,0.5,0.5,0.0,0.0,,0.3,24.8,2,1.0,1,1,Bronx
627,38792,2,1/1/16,11:13,1/1/16,11:15,N,1,-73.9198761,40.75785446,-73.91877747,40.76569366,1,0.71,4.0,0.0,0.5,0.0,0.0,,0.3,4.8,2,1.0,11,11,Queens
628,24017,2,1/1/16,3:48,1/1/16,4:27,N,1,-73.9582901,40.67053223,-73.9381485,40.79974747,1,13.55,42.0,0.5,0.5,8.0,5.54,,0.3,56.84,1,1.0,3,4,Brooklyn
629,43327,2,1/1/16,14:15,1/1/16,14:23,N,1,-73.94267273,40.79443359,-73.96530914,40.80103683,1,2.26,8.5,0.0,0.5,0.0,0.0,,0.3,9.3,2,1.0,14,14,Manhattan
630,17967,2,1/1/16,2:51,1/1/16,3:12,N,1,-73.96416473,40.70879364,-73.9178772,40.76031113,1,4.89,18.0,0.5,0.5,0.0,0.0,,0.3,19.3,2,1.0,2,3,Brooklyn
631,20659,2,1/1/16,3:20,1/1/16,3:26,N,1,-73.93637085,40.82059097,-73.94922638,40.82388306,1,0.81,5.5,0.5,0.5,0.0,0.0,,0.3,6.8,2,1.0,3,3,Manhattan
632,3538,2,1/1/16,0:14,1/1/16,0:19,N,1,-73.98903656,40.68878174,-73.98362732,40.69369125,1,0.57,5.0,0.5,0.5,0.94,0.0,,0.3,7.24,1,1.0,0,0,Brooklyn
633,15357,2,1/1/16,2:20,1/1/16,2:38,N,1,-73.98027802,40.67657089,-73.95886993,40.72227478,1,5.02,18.0,0.5,0.5,4.82,0.0,,0.3,24.12,1,1.0,2,2,Brooklyn
634,16285,2,1/1/16,2:36,1/1/16,2:49,N,1,-73.88095093,40.75614929,-73.85282135,40.74163437,1,3.07,13.0,0.5,0.5,0.0,0.0,,0.3,14.3,1,1.0,2,2,Queens
635,17009,2,1/1/16,2:48,1/1/16,2:58,N,1,-73.95572662,40.67176056,-73.97664642,40.68762207,1,1.85,9.0,0.5,0.5,2.06,0.0,,0.3,12.36,1,1.0,2,2,Brooklyn
636,46563,2,1/1/16,16:28,1/1/16,16:45,N,1,-73.97286224,40.68569183,-73.92189789,40.70282364,3,3.44,14.0,0.0,0.5,2.96,0.0,,0.3,17.76,1,1.0,16,16,Brooklyn
637,41608,2,1/1/16,13:51,1/2/16,0:00,N,1,-73.83451843,40.71714783,-73.8348465,40.70679092,1,1.55,8.5,0.0,0.5,0.0,0.0,,0.3,9.3,2,1.0,13,0,Queens
638,42720,2,1/1/16,14:20,1/1/16,14:42,N,1,-73.97668457,40.68315887,-73.98436737,40.74885941,1,7.16,24.0,0.0,0.5,0.0,0.0,,0.3,24.8,2,1.0,14,14,Brooklyn
639,31789,2,1/1/16,5:45,1/1/16,5:54,N,1,-73.8548584,40.83400345,-73.86466217,40.81451416,1,2.2,9.5,0.5,0.5,0.0,0.0,,0.3,10.8,2,1.0,5,5,Bronx
640,26797,2,1/1/16,4:22,1/1/16,4:35,N,1,-73.8536377,40.7472496,-73.92499542,40.74567795,1,6.52,19.5,0.5,0.5,0.0,0.0,,0.3,20.8,2,1.0,4,4,Queens
641,56826,2,1/1/16,20:55,1/1/16,21:11,N,1,-73.95750427,40.67715073,-73.95097351,40.71026611,1,3.03,13.5,0.5,0.5,2.96,0.0,,0.3,17.76,1,1.0,20,21,Brooklyn
642,44519,2,1/1/16,15:19,1/1/16,15:43,N,1,-73.93448639,40.84875870000001,-73.88947296,40.74676132,2,9.09,29.0,0.0,0.5,0.0,5.54,,0.3,35.34,1,1.0,15,15,Manhattan
643,4769,2,1/1/16,0:24,1/1/16,0:34,N,1,-73.9214325,40.75603867,-73.88503265,40.75558853,1,2.39,10.5,0.5,0.5,0.0,0.0,,0.3,11.8,2,1.0,0,0,Queens
644,246,2,1/1/16,0:33,1/1/16,0:41,N,1,-73.94554138,40.79901123,-73.93994904,40.82026291,1,1.9,8.0,0.5,0.5,0.0,0.0,,0.3,9.3,2,1.0,0,0,Manhattan
645,8958,2,1/1/16,1:19,1/1/16,1:41,N,1,-73.90415955,40.75281906,-73.98416901,40.72511673,1,7.51,25.0,0.5,0.5,5.26,0.0,,0.3,31.56,1,1.0,1,1,Queens
646,4052,2,1/1/16,0:11,1/1/16,0:27,N,1,-73.95337677,40.71609879,-74.00120544,40.72660065,6,3.31,14.5,0.5,0.5,0.0,0.0,,0.3,15.8,2,1.0,0,0,Brooklyn
647,34316,2,1/1/16,6:55,1/1/16,7:05,N,1,-73.96653748,40.7112236,-73.95622253,40.68861771,1,2.32,9.5,0.0,0.5,2.06,0.0,,0.3,12.36,1,1.0,6,7,Brooklyn
648,222,2,1/1/16,0:35,1/1/16,0:42,N,1,-73.90306854,40.84406281,-73.91510009999998,40.83699417,1,1.07,5.5,0.5,0.5,0.0,0.0,,0.3,6.8,2,1.0,0,0,Bronx
649,3976,2,1/1/16,0:13,1/1/16,0:26,N,1,-73.98586273,40.6777153,-73.98703003,40.71442032,1,3.37,13.0,0.5,0.5,2.0,0.0,,0.3,16.3,1,1.0,0,0,Brooklyn
650,50469,2,1/1/16,18:23,1/1/16,18:26,N,1,-73.95132446,40.72373581,-73.95748138,40.72921753,6,0.71,4.5,0.0,0.5,1.06,0.0,,0.3,6.36,1,1.0,18,18,Brooklyn
651,11198,2,1/1/16,1:51,1/1/16,2:06,N,1,-73.8740387,40.74213791,-73.86914825,40.76292801,1,2.25,11.5,0.5,0.5,0.0,0.0,,0.3,12.8,2,1.0,1,2,Queens
652,13174,1,1/1/16,1:03,1/1/16,1:10,N,1,-73.91854095,40.81631470000001,-73.94442749,40.82240295,1,1.6,7.5,0.5,0.5,0.0,0.0,,0.3,8.8,3,1.0,1,1,Bronx
653,14164,2,1/1/16,2:15,1/1/16,2:23,N,1,-73.94714355,40.67489624,-73.95056915,40.69369888,1,1.83,8.0,0.5,0.5,1.86,0.0,,0.3,11.16,1,1.0,2,2,Brooklyn
654,2068,2,1/1/16,0:53,1/1/16,1:02,N,1,-73.95558929,40.80430222,-73.93806458,40.79665375,1,1.27,7.5,0.5,0.5,0.0,0.0,,0.3,8.8,2,1.0,0,1,Manhattan
655,63972,1,1/1/16,23:51,1/1/16,23:55,N,1,-73.85069275,40.71048355,-73.8504715,40.72315979,1,1.4,6.0,0.5,0.5,0.0,0.0,,0.3,7.3,2,1.0,23,23,Queens
656,59409,1,1/1/16,21:43,1/1/16,22:03,N,1,-73.93253326,40.79573059,-73.98626709,40.75589371,2,5.3,20.0,0.5,0.5,0.0,0.0,,0.3,21.3,2,1.0,21,22,Manhattan
657,7784,2,1/1/16,1:13,1/1/16,1:28,N,1,-73.91783905,40.8068924,-73.95677948,40.77422333,1,4.34,15.5,0.5,0.5,0.0,0.0,,0.3,16.8,2,1.0,1,1,Bronx
658,6509,2,1/1/16,1:01,1/1/16,1:08,N,1,-73.94057465,40.81444550000001,-73.92894745,40.83660889,1,2.07,8.0,0.5,0.5,0.0,0.0,,0.3,9.3,2,1.0,1,1,Manhattan
659,26620,2,1/1/16,4:30,1/1/16,4:32,N,1,-73.94674683,40.81634521,-73.95111847,40.81045532,1,0.45,3.5,0.5,0.5,1.44,0.0,,0.3,6.24,1,1.0,4,4,Manhattan
660,17390,2,1/1/16,2:45,1/1/16,3:02,N,1,-73.84445190000002,40.72140121,-73.82591248,40.6791954,1,4.63,17.0,0.5,0.5,0.0,0.0,,0.3,18.3,2,1.0,2,3,Queens
661,25188,1,1/1/16,3:04,1/1/16,3:14,N,1,-73.95323181,40.72805405,-73.91421509,40.71441269,1,3.4,11.5,0.5,0.5,0.0,0.0,,0.3,12.8,2,1.0,3,3,Brooklyn
662,49633,1,1/1/16,17:43,1/1/16,17:50,N,1,-73.99443054,40.68085098,-73.97859192,40.68959427,1,1.5,7.0,0.0,0.5,1.55,0.0,,0.3,9.35,1,1.0,17,17,Brooklyn
663,150,2,1/1/16,0:33,1/1/16,0:40,N,1,-73.92042542,40.81456375,-73.90566254,40.81948853,1,1.27,7.0,0.5,0.5,0.0,0.0,,0.3,8.3,2,1.0,0,0,Bronx
664,23131,2,1/1/16,3:55,1/1/16,4:00,N,1,-73.87734222,40.73730087,-73.86820221,40.74620438,1,1.08,5.5,0.5,0.5,0.0,0.0,,0.3,6.8,2,1.0,3,4,Queens
665,11835,2,1/1/16,1:56,1/1/16,2:12,N,1,-73.98891449,40.70260239,-73.94485474,40.70604324,1,4.16,15.5,0.5,0.5,0.0,0.0,,0.3,16.8,2,1.0,1,2,Brooklyn
666,40065,2,1/1/16,12:27,1/1/16,12:28,N,1,-73.95828247,40.73427582,-73.95970154,40.71410751,1,1.71,7.5,0.0,0.5,1.66,0.0,,0.3,9.96,1,1.0,12,12,Brooklyn
667,53896,2,1/1/16,19:45,1/1/16,19:53,N,1,-73.91889191,40.83296585,-73.92563629,40.82614136,1,1.21,7.5,0.0,0.5,0.0,0.0,,0.3,8.3,2,1.0,19,19,Bronx
668,34312,2,1/1/16,6:59,1/1/16,7:04,N,1,-73.94562531,40.68021011,-73.9679718,40.67845535,1,1.56,7.0,0.0,0.5,0.0,0.0,,0.3,7.8,2,1.0,6,7,Brooklyn
669,3121,2,1/1/16,0:05,1/1/16,0:14,N,1,-73.90779877,40.77408218,-73.9024353,40.74410629,1,2.82,11.0,0.5,0.5,0.0,0.0,,0.3,12.3,2,1.0,0,0,Queens
670,31582,2,1/1/16,5:40,1/1/16,5:49,N,1,-73.9132309,40.76605606,-73.86710358,40.76530457,2,2.65,10.0,0.5,0.5,0.0,0.0,,0.3,11.3,2,1.0,5,5,Queens
671,8302,2,1/1/16,1:13,1/1/16,1:34,N,1,-73.90340424,40.86282349,-73.96680450000002,40.78869629,6,8.49,26.0,0.5,0.5,0.0,0.0,,0.3,27.3,2,1.0,1,1,Bronx
672,12667,1,1/1/16,1:26,1/1/16,1:30,N,1,-73.84442902,40.72138214,-73.84477997,40.71173096,1,0.8,5.0,0.5,0.5,1.85,0.0,,0.3,8.15,1,1.0,1,1,Queens
673,24356,1,1/1/16,3:47,1/1/16,3:56,N,1,-73.92746735,40.75270844,-73.88640594,40.75155258,1,2.2,9.0,0.5,0.5,2.0,0.0,,0.3,12.3,1,1.0,3,3,Queens
674,58583,2,1/1/16,21:32,1/1/16,21:48,N,1,-73.99287415,40.68867111,-74.03019714,40.62578964,1,5.11,17.0,0.5,0.5,0.0,0.0,,0.3,18.3,2,1.0,21,21,Brooklyn
675,57258,1,1/1/16,20:19,1/1/16,20:24,N,1,-73.95674896,40.81383514,-73.96406555,40.80979156,1,0.7,5.0,0.5,0.5,0.0,0.0,,0.3,6.3,4,1.0,20,20,Manhattan
676,12101,1,1/1/16,1:51,1/1/16,2:02,N,1,-73.98678589,40.70201492,-73.96656036,40.68146515,3,2.1,10.0,0.5,0.5,0.0,0.0,,0.3,11.3,2,1.0,1,2,Brooklyn
677,30322,2,1/1/16,5:03,1/1/16,5:18,N,1,-73.89154816,40.74674225,-73.86274719,40.75730133,5,2.16,12.0,0.5,0.5,2.66,0.0,,0.3,15.96,1,1.0,5,5,Queens
678,34586,1,1/1/16,6:45,1/1/16,6:50,N,1,-73.95648956,40.65604401,-73.9548645,40.67914963,1,1.9,7.5,0.5,0.5,0.0,0.0,,0.3,8.8,2,1.0,6,6,Brooklyn
679,1596,2,1/1/16,0:49,1/2/16,0:42,N,1,-73.94410706,40.80983353,-73.96208954,40.79894257,1,1.68,8.0,0.5,0.5,0.0,0.0,,0.3,9.3,2,1.0,0,0,Manhattan
680,41527,2,1/1/16,13:51,1/1/16,13:56,N,1,-73.92539978,40.76169205,-73.92111206,40.77334595,1,1.01,5.5,0.0,0.5,0.0,0.0,,0.3,6.3,2,1.0,13,13,Queens
681,22227,2,1/1/16,3:40,1/1/16,3:48,N,1,-73.96257782,40.71758270000001,-73.95851135,40.73540115,1,1.52,7.5,0.5,0.5,2.2,0.0,,0.3,11.0,1,1.0,3,3,Brooklyn
682,22211,2,1/1/16,3:24,1/1/16,3:44,N,1,-73.91134644,40.69961929,-73.94940186,40.67983246,4,3.23,15.0,0.5,0.5,0.0,0.0,,0.3,16.3,2,1.0,3,3,Brooklyn
683,55929,2,1/1/16,20:04,1/1/16,20:40,N,1,-73.97617340000002,40.68365479,-73.94235229,40.63820267,1,6.77,28.0,0.5,0.5,7.32,0.0,,0.3,36.62,1,1.0,20,20,Brooklyn
684,64037,1,1/1/16,23:43,1/1/16,23:49,N,1,-73.87059784,40.74956131,-73.87051392,40.76273727,1,1.3,6.5,0.5,0.5,0.0,0.0,,0.3,7.8,2,1.0,23,23,Queens
685,27783,2,1/1/16,4:37,1/1/16,4:51,N,1,-73.94216156,40.71529388,-73.99185944,40.68243408,5,6.35,19.5,0.5,0.5,2.0,0.0,,0.3,22.8,1,1.0,4,4,Kings County
686,16074,2,1/1/16,2:36,1/1/16,2:47,N,1,-73.9250946,40.74415588,-73.89405823,40.74414825,1,2.05,10.0,0.5,0.5,0.0,0.0,,0.3,11.3,2,1.0,2,2,Queens
687,55345,2,1/1/16,20:12,1/1/16,20:21,N,1,-73.90356445,40.74573135,-73.92433929,40.76155472,1,1.76,8.5,0.5,0.5,2.45,0.0,,0.3,12.25,1,1.0,20,20,Queens
688,59775,2,1/1/16,22:01,1/1/16,22:07,N,1,-73.93264008,40.79567337,-73.92651367,40.8106575,1,1.45,7.0,0.5,0.5,0.0,0.0,,0.3,8.3,1,1.0,22,22,Manhattan
689,22007,2,1/1/16,3:44,1/1/16,3:44,N,1,-73.88343811,40.74768448,-73.88319397,40.74762344,1,0.0,2.5,0.5,0.5,0.0,0.0,,0.3,3.8,2,1.0,3,3,Queens
690,43456,1,1/1/16,14:46,1/1/16,14:53,N,1,-73.97840118,40.68416214,-73.96968842,40.69301987,2,1.3,6.5,0.0,0.5,0.0,0.0,,0.3,7.3,2,1.0,14,14,Kings County
691,27711,2,1/1/16,4:40,1/1/16,4:44,N,1,-73.89984894,40.83136749,-73.88941956,40.83940887,2,1.13,5.5,0.5,0.5,0.0,0.0,,0.3,6.8,2,1.0,4,4,Bronx
692,4494,2,1/1/16,0:20,1/1/16,0:32,N,1,-73.98432159,40.69505692,-73.91931152,40.74490356,1,5.83,18.5,0.5,0.5,5.94,0.0,,0.3,25.74,1,1.0,0,0,Brooklyn
693,35128,2,1/1/16,7:09,1/1/16,7:23,N,1,-73.95407104,40.7297554,-73.95982361,40.77366638,1,4.59,16.0,0.0,0.5,0.0,0.0,,0.3,16.8,2,1.0,7,7,Brooklyn
694,22943,2,1/1/16,3:46,1/1/16,3:57,N,1,-73.90972137,40.85144424,-73.89897156,40.85469055,1,1.38,8.5,0.5,0.5,0.0,0.0,,0.3,9.8,2,1.0,3,3,Bronx
695,4369,2,1/1/16,0:08,1/1/16,0:31,N,1,-73.93325043,40.70521927,-74.0076828,40.71473312,1,5.43,21.5,0.5,0.5,4.56,0.0,,0.3,27.36,1,1.0,0,0,Brooklyn
696,62226,2,1/1/16,23:01,1/1/16,23:11,N,1,-73.88084412,40.7501297,-73.88435364,40.73226166,1,1.8,9.0,0.5,0.5,0.0,0.0,,0.3,10.3,2,1.0,23,23,Queens
697,43562,1,1/1/16,14:31,1/1/16,14:50,N,1,-73.97881317,40.68390274,-74.00559998,40.72559738,1,4.0,16.5,0.0,0.5,0.0,0.0,,0.3,17.3,2,1.0,14,14,Brooklyn
698,14347,2,1/1/16,2:10,1/1/16,2:25,N,1,-73.94254303,40.8374939,-73.98932648,40.76309967,1,6.47,21.0,0.5,0.5,5.58,0.0,,0.3,27.88,1,1.0,2,2,Manhattan
699,13488,2,1/1/16,2:01,1/1/16,2:11,N,1,-73.90068054,40.74454498,-73.88852692,40.75727844,1,1.48,8.5,0.5,0.5,0.0,0.0,,0.3,9.8,2,1.0,2,2,Queens
700,28078,2,1/1/16,4:44,1/1/16,4:56,N,1,-73.87454224,40.74337387,-73.87425995,40.75864792,1,2.32,10.5,0.5,0.5,0.0,0.0,,0.3,11.8,2,1.0,4,4,Queens
701,58870,2,1/1/16,21:50,1/1/16,21:57,N,1,-73.99143219,40.68146133,-73.9934845,40.69387817,1,1.56,7.5,0.5,0.5,1.76,0.0,,0.3,10.56,1,1.0,21,21,Brooklyn
702,30682,2,1/1/16,5:00,1/1/16,5:27,N,1,-73.90614319,40.7729454,-74.00183105,40.7519722,1,8.57,27.5,0.5,0.5,4.2,0.0,,0.3,33.0,1,1.0,5,5,Queens
703,44513,2,1/1/16,15:10,1/1/16,15:42,N,1,-73.99731445,40.67769623,-73.98505402,40.78203964,1,9.15,30.5,0.0,0.5,4.0,0.0,,0.3,35.3,1,1.0,15,15,Brooklyn
704,46384,2,1/1/16,16:33,1/1/16,16:37,N,1,-73.91885376,40.74295425,-73.91044617,40.74470139,1,0.46,4.5,0.0,0.5,0.0,0.0,,0.3,5.3,2,1.0,16,16,Queens
705,60734,2,1/1/16,22:35,1/1/16,22:41,N,1,-73.9135437,40.76560593,-73.87755585,40.76328659,1,2.03,8.0,0.5,0.5,0.0,0.0,,0.3,9.3,2,1.0,22,22,Queens
706,44746,2,1/1/16,15:40,1/1/16,15:51,N,1,-73.92173004,40.67718124,-73.94792175,40.68887329,1,2.28,10.0,0.0,0.5,2.16,0.0,,0.3,12.96,1,1.0,15,15,Brooklyn
707,8534,2,1/1/16,1:23,1/1/16,1:37,N,1,-73.99308014,40.66895294,-73.9584198,40.68094254,1,2.61,12.0,0.5,0.5,1.6,0.0,,0.3,14.9,1,1.0,1,1,Brooklyn
708,41847,1,1/1/16,13:53,1/1/16,14:03,N,1,-73.96536255,40.69483566,-73.99016571,40.71894455,1,3.1,11.0,0.0,0.5,2.35,0.0,,0.3,14.15,1,1.0,13,14,Brooklyn
709,51786,2,1/1/16,18:42,1/1/16,19:07,N,1,-73.97154236,40.68518829,-73.99476624,40.75032806,1,5.43,21.0,0.0,0.5,4.36,0.0,,0.3,26.16,1,1.0,18,19,Brooklyn
710,54004,2,1/1/16,19:49,1/1/16,19:56,N,1,-73.91480255,40.75328064,-73.93008423,40.75443268,1,1.1,6.5,0.0,0.5,0.0,0.0,,0.3,7.3,2,1.0,19,19,Queens
711,7144,2,1/1/16,1:07,1/1/16,1:20,N,1,-73.8796463,40.73745346,-73.92359924,40.74169159,3,2.39,11.5,0.5,0.5,0.0,0.0,,0.3,12.8,2,1.0,1,1,Queens
712,7440,2,1/1/16,1:15,1/1/16,1:22,N,1,-73.82574463,40.68954849,-73.83151245,40.67721558,1,1.48,7.0,0.5,0.5,0.0,0.0,,0.3,8.3,2,1.0,1,1,Queens
713,6500,2,1/1/16,1:02,1/1/16,1:07,N,1,-73.86465454,40.73652267,-73.85862732,40.72947693,1,1.13,6.0,0.5,0.5,0.0,0.0,,0.3,7.3,2,1.0,1,1,Queens
714,10630,2,1/1/16,1:57,1/1/16,2:00,N,1,-73.98633575,40.66928101,-73.99640656,40.66215134,1,0.88,4.5,0.5,0.5,1.74,0.0,,0.3,7.54,1,1.0,1,2,Brooklyn
715,42870,2,1/1/16,14:42,1/1/16,14:50,N,1,-73.97763062,40.68445206,-73.99729156,40.68362045,2,1.55,7.5,0.0,0.5,2.08,0.0,,0.3,10.38,1,1.0,14,14,Kings County
716,31747,2,1/1/16,5:48,1/1/16,5:54,N,1,-73.80716705,40.69922256,-73.77847290000003,40.69673538,1,1.96,8.0,0.5,0.5,1.0,0.0,,0.3,10.3,1,1.0,5,5,Queens
717,13354,2,1/1/16,2:03,1/1/16,2:08,N,1,-73.95176697,40.79038239,-73.94052887,40.78759384,1,0.9,5.5,0.5,0.5,1.36,0.0,,0.3,8.16,1,1.0,2,2,Manhattan
718,21995,2,1/1/16,3:35,1/1/16,3:43,N,1,-73.8772583,40.74845123,-73.87187958,40.76074982,5,1.21,7.5,0.5,0.5,0.0,0.0,,0.3,8.8,2,1.0,3,3,Queens
719,16982,2,1/1/16,2:42,1/1/16,2:57,N,1,-73.9524765,40.80656433,-73.91595459,40.76652145,1,4.56,16.5,0.5,0.5,4.45,0.0,,0.3,22.25,1,1.0,2,2,Manhattan
720,4996,2,1/1/16,0:38,1/1/16,0:38,N,1,-73.91038513,40.85456848,-73.90995026,40.85343933,1,0.01,2.5,0.5,0.5,0.0,0.0,,0.3,3.8,2,1.0,0,0,Bronx
721,9577,2,1/1/16,1:28,1/1/16,1:45,N,1,-73.93928528,40.84285736,-73.94048309,40.80574417,1,3.86,15.5,0.5,0.5,0.0,0.0,,0.3,16.8,2,1.0,1,1,Manhattan
722,3416,2,1/1/16,0:09,1/1/16,0:16,N,1,-73.86172485,40.75009918,-73.86612701,40.76135254,2,0.85,6.0,0.5,0.5,0.0,0.0,,0.3,7.3,2,1.0,0,0,Queens
723,56816,2,1/1/16,20:51,1/1/16,21:09,N,1,-73.98119354,40.68958664,-73.93727875,40.69304657,2,4.0,15.5,0.5,0.5,0.0,0.0,,0.3,16.8,1,1.0,20,21,Brooklyn
724,5842,1,1/1/16,0:27,1/1/16,0:43,N,1,-73.88086700000002,40.75610352,-73.87526703,40.73143005,1,2.2,11.5,0.5,0.5,0.0,0.0,,0.3,12.8,2,1.0,0,0,Queens
725,27959,2,1/1/16,4:37,1/1/16,4:54,N,1,-73.94390869,40.79548264,-73.996521,40.75809097,1,4.82,16.5,0.5,0.5,0.0,0.0,,0.3,17.8,2,1.0,4,4,Manhattan
726,28348,2,1/1/16,4:44,1/1/16,5:01,N,1,-73.95745087,40.72956085,-73.96098328,40.69827652,1,3.67,14.0,0.5,0.5,0.0,0.0,,0.3,15.3,2,1.0,4,5,Brooklyn
727,36220,2,1/1/16,8:01,1/1/16,8:11,N,1,-73.95205688,40.71409225,-73.9566803,40.71305847,1,1.93,9.0,0.0,0.5,0.0,0.0,,0.3,9.8,2,1.0,8,8,Brooklyn
728,9813,2,1/1/16,1:38,1/1/16,1:51,N,1,-73.91262817,40.77467346,-73.92526245,40.75527573,1,1.34,9.5,0.5,0.5,2.16,0.0,,0.3,12.96,1,1.0,1,1,Queens
729,4917,2,1/1/16,0:16,1/1/16,0:37,N,1,-73.91574859999999,40.83055115,-73.84937286,40.90588379,1,8.68,27.0,0.5,0.5,0.0,0.0,,0.3,28.3,2,1.0,0,0,Bronx
730,45723,2,1/1/16,16:00,1/1/16,16:05,N,1,-73.97386932,40.6766777,-73.97740173,40.68689728,1,0.86,6.0,0.0,0.5,0.0,0.0,,0.3,6.8,2,1.0,16,16,Brooklyn
731,27398,2,1/1/16,4:39,1/1/16,4:44,N,1,-73.80726624,40.69932175,-73.82483673,40.71190643,1,1.62,7.0,0.5,0.5,0.0,0.0,,0.3,8.3,1,1.0,4,4,Queens
732,7805,2,1/1/16,1:27,1/1/16,1:28,N,1,-73.94021606,40.82529831,-73.94091034,40.8242836,1,0.0,2.5,0.5,0.5,0.0,0.0,,0.3,3.8,2,1.0,1,1,Manhattan
733,39602,1,1/1/16,11:35,1/1/16,11:43,N,1,-73.98657990000002,40.70154572,-73.971138,40.70531082,1,1.8,8.0,0.0,0.5,1.0,0.0,,0.3,9.8,1,1.0,11,11,Kings County
734,39161,2,1/1/16,11:30,1/1/16,11:47,N,1,-73.92295837,40.73972702,-73.97080231,40.67508316,1,5.79,19.5,0.0,0.5,4.06,0.0,,0.3,24.36,1,1.0,11,11,Queens
735,33291,2,1/1/16,6:15,1/1/16,6:23,N,1,-73.94549561,40.80797195,-73.95391083,40.82478333,1,1.66,8.0,0.0,0.5,1.76,0.0,,0.3,10.56,1,1.0,6,6,Manhattan
736,30994,2,1/1/16,5:08,1/1/16,5:32,N,1,-73.96997833,40.69312668,-73.9780426,40.76522064,3,8.6,27.0,0.5,0.5,0.0,0.0,,0.3,28.3,2,1.0,5,5,Brooklyn
737,62702,2,1/1/16,23:20,1/1/16,23:31,N,1,-73.95931244,40.70880508,-73.95441437,40.70963669,1,1.3,7.0,0.5,0.5,0.0,0.0,,0.3,8.3,1,1.0,23,23,Brooklyn
738,18816,1,1/1/16,2:36,1/1/16,3:03,N,1,-73.94013977,40.69277573,-73.96591949,40.64834213,1,9.4,30.0,0.5,0.5,0.0,0.0,,0.3,31.3,2,1.0,2,3,Brooklyn
739,15208,2,1/1/16,2:22,1/1/16,2:36,N,1,-73.86115265,40.82928848,-73.9032135,40.85456467,1,3.69,14.0,0.5,0.5,0.0,0.0,,0.3,15.3,2,1.0,2,2,Bronx
740,10927,2,1/1/16,1:42,1/2/16,1:22,N,1,-73.97690582,40.68340302,-73.9881134,40.74996567,1,5.62,20.0,0.5,0.5,0.0,0.0,,0.3,21.3,1,1.0,1,1,Brooklyn
741,10043,2,1/1/16,1:34,1/1/16,1:52,N,1,-73.91534424,40.76073837,-73.99578857,40.6905365,1,10.71,30.0,0.5,0.5,6.5,0.0,,0.3,37.8,1,1.0,1,1,Queens
742,256,2,1/1/16,0:31,1/1/16,0:41,N,1,-73.92705536,40.86311722,-73.90396118,40.88271332,1,2.04,9.5,0.5,0.5,0.0,0.0,,0.3,10.8,2,1.0,0,0,Manhattan
743,6071,1,1/1/16,0:19,1/1/16,0:30,N,1,-73.95811462,40.72168732,-73.96014404,40.69414520000001,1,2.5,11.0,0.5,0.5,0.0,0.0,,0.3,12.3,2,1.0,0,0,Brooklyn
744,41601,2,1/1/16,13:47,1/1/16,14:00,N,1,-73.89608765,40.75435257,-73.8674469,40.74300385,1,2.1,9.5,0.0,0.5,0.0,0.0,,0.3,10.3,2,1.0,13,14,Queens
745,6974,2,1/1/16,1:09,1/1/16,1:16,N,1,-73.93925476,40.81349945,-73.93990326,40.82551956,1,1.15,7.0,0.5,0.5,0.0,0.0,,0.3,8.3,2,1.0,1,1,Manhattan
746,4750,2,1/1/16,0:13,1/1/16,0:35,N,1,-74.02861786,40.62292099,-73.96164703,40.71943283,1,10.83,31.5,0.5,0.5,6.56,0.0,,0.3,39.36,1,1.0,0,0,Brooklyn
747,21924,2,1/1/16,3:35,1/1/16,3:43,N,1,-73.87064362,40.86019516,-73.88870239,40.85340118,1,2.04,8.5,0.5,0.5,0.0,0.0,,0.3,9.8,2,1.0,3,3,Bronx
748,18179,2,1/1/16,2:54,1/1/16,3:17,N,1,-73.90248108,40.85829544,-73.93642426,40.84060669,2,3.81,17.5,0.5,0.5,0.0,0.0,,0.3,18.8,2,1.0,2,3,Bronx
749,47929,2,1/1/16,17:05,1/1/16,17:18,N,1,-73.95146179,40.7909584,-73.92935944,40.85915756,1,5.87,18.0,0.0,0.5,3.76,0.0,,0.3,22.56,1,1.0,17,17,Manhattan
750,1015,2,1/1/16,0:29,1/1/16,0:50,N,1,-73.94537354,40.74602127,-73.94299316,40.68486023,1,4.92,19.0,0.5,0.5,5.08,0.0,,0.3,25.38,1,1.0,0,0,Queens
751,12244,1,1/1/16,1:44,1/1/16,1:55,N,1,-73.91805267,40.77027512,-73.9421463,40.74736023,1,2.5,10.5,0.5,0.5,0.0,0.0,,0.3,11.8,2,1.0,1,1,Queens
752,285,2,1/1/16,0:31,1/1/16,0:42,N,1,-73.90571594,40.86196899,-73.92201996,40.84915924,1,1.66,9.0,0.5,0.5,0.0,0.0,,0.3,10.3,2,1.0,0,0,Bronx
753,34547,1,1/1/16,6:50,1/1/16,6:57,N,1,-73.95025635,40.79611206,-73.97872162,40.79014206,1,2.2,9.0,0.0,0.5,0.0,0.0,,0.3,9.8,2,1.0,6,6,Manhattan
754,57382,1,1/1/16,20:04,1/1/16,20:09,N,1,-73.92842865,40.82355881,-73.91518402,40.83153915,1,1.2,6.0,0.5,0.5,0.0,0.0,,0.3,7.3,2,1.0,20,20,Bronx
755,37542,2,1/1/16,9:47,1/1/16,9:56,N,1,-73.99141693,40.66996002,-73.97888184,40.66055679,1,1.21,7.5,0.0,0.5,0.0,0.0,,0.3,8.3,2,1.0,9,9,Brooklyn
756,14690,2,1/1/16,2:17,1/1/16,2:30,N,1,-73.93214417,40.69910812,-73.96875763,40.68782043,1,2.55,11.0,0.5,0.5,3.08,0.0,,0.3,15.38,1,1.0,2,2,Brooklyn
757,31402,2,1/1/16,5:30,1/1/16,5:44,N,1,-73.92935181,40.70824432,-73.95081329,40.66711807,1,3.87,13.5,0.5,0.5,12.0,0.0,,0.3,26.8,1,1.0,5,5,Brooklyn
758,28035,2,1/1/16,4:16,1/1/16,4:52,N,1,-73.93988037,40.8153038,-73.86160278,40.74508286,1,9.28,31.5,0.5,0.5,0.0,5.54,,0.3,38.34,2,1.0,4,4,Manhattan
759,44352,2,1/1/16,15:29,1/1/16,15:35,N,1,-73.99227905,40.69022369,-73.99375153,40.70257187,1,1.34,6.5,0.0,0.5,0.0,0.0,,0.3,7.3,2,1.0,15,15,Brooklyn
760,14038,2,1/1/16,2:15,1/1/16,2:20,N,1,-73.92707825,40.83724976,-73.91784668,40.84900665,1,1.04,6.0,0.5,0.5,2.19,0.0,,0.3,9.49,1,1.0,2,2,Bronx
761,55326,2,1/1/16,20:06,1/1/16,20:20,N,1,-73.94454956,40.80735397,-73.90470123,40.85863113,1,5.38,17.0,0.5,0.5,0.0,0.0,,0.3,18.3,2,1.0,20,20,Manhattan
762,41024,2,1/1/16,13:17,1/1/16,13:22,N,1,-73.94172668,40.79867172,-73.95254517,40.80400467,1,0.72,5.5,0.0,0.5,0.0,0.0,,0.3,6.3,2,1.0,13,13,Manhattan
763,27908,2,1/1/16,4:41,1/1/16,4:52,N,1,-73.93443298,40.69853592,-73.94570923,40.68231964,1,2.59,10.5,0.5,0.5,1.0,0.0,,0.3,12.8,1,1.0,4,4,Brooklyn
764,38709,1,1/1/16,10:06,1/1/16,10:13,N,1,-73.89055634,40.74710464,-73.91637421,40.74441147,1,1.6,8.0,0.0,0.5,0.0,0.0,,0.3,8.8,2,1.0,10,10,Queens
765,10620,2,1/1/16,1:42,1/1/16,2:00,N,1,-73.98551178,40.69224548,-73.8830719,40.74628448,1,7.95,24.0,0.5,0.5,7.59,0.0,,0.3,32.89,1,1.0,1,2,Brooklyn
766,30850,2,1/1/16,5:27,1/1/16,5:31,N,1,-73.8807373,40.74794388,-73.89273834,40.74887848,1,0.89,5.0,0.5,0.5,0.0,0.0,,0.3,6.3,2,1.0,5,5,Queens
767,9651,2,1/1/16,1:47,1/1/16,1:49,N,1,-73.92578125,40.76210022,-73.91973877,40.75923538,1,0.37,3.5,0.5,0.5,1.0,0.0,,0.3,5.8,1,1.0,1,1,Queens
768,5263,1,1/1/16,0:51,1/1/16,1:05,N,1,-73.92228699,40.68965149,-73.90740967,40.69773865,1,1.9,10.5,0.5,0.5,2.35,0.0,,0.3,14.15,1,1.0,0,1,Kings County
769,58441,2,1/1/16,21:35,1/1/16,21:44,N,1,-73.98336792,40.67267227,-73.97309113,40.64095306,1,2.75,11.0,0.5,0.5,2.2,0.0,,0.3,14.5,1,1.0,21,21,Brooklyn
770,36334,2,1/1/16,8:13,1/1/16,8:24,N,1,-73.97869873,40.68987656,-73.99978638,40.65606689,1,2.99,12.0,0.0,0.5,2.56,0.0,,0.3,15.36,1,1.0,8,8,Brooklyn
771,40258,2,1/1/16,12:34,1/1/16,12:50,N,1,-73.94973755,40.82212067,-73.89315033,40.86737823,1,5.53,18.5,0.0,0.5,0.0,0.0,,0.3,19.3,1,1.0,12,12,Manhattan
772,19098,1,1/1/16,2:24,1/1/16,2:31,N,1,-73.93775177,40.68852234,-73.94407654,40.68486023,1,1.0,6.5,0.5,0.5,0.0,0.0,,0.3,7.8,2,1.0,2,2,Brooklyn
773,9113,2,1/1/16,1:26,1/1/16,1:43,N,1,-73.96169281,40.71092987,-73.95979309,40.67564011,1,3.26,14.0,0.5,0.5,4.59,0.0,,0.3,19.89,1,1.0,1,1,Brooklyn
774,36472,2,1/1/16,8:22,1/1/16,8:35,N,1,-73.93922424,40.80218124,-73.98846436,40.70058441,1,10.03,28.0,0.0,0.5,0.0,0.0,,0.3,28.8,2,1.0,8,8,Manhattan
775,63941,1,1/1/16,23:56,1/1/16,23:57,N,1,-73.94234467,40.79767227,-73.94527435,40.79175186,1,0.4,3.5,0.5,0.5,0.0,0.0,,0.3,4.8,2,1.0,23,23,Manhattan
776,39357,2,1/1/16,11:55,1/1/16,12:02,N,1,-73.9444809,40.7871933,-73.96427155,40.79247284,1,1.29,7.0,0.0,0.5,3.0,0.0,,0.3,10.8,1,1.0,11,12,Manhattan
777,44134,2,1/1/16,15:16,1/1/16,15:25,N,1,-73.92147827,40.74337387,-73.92572784,40.76433563,1,1.86,8.5,0.0,0.5,0.0,0.0,,0.3,9.3,2,1.0,15,15,Queens
778,36002,1,1/1/16,7:33,1/1/16,7:47,N,1,-73.90404509999998,40.8800621,-73.95272064,40.82323837,1,6.1,19.5,0.0,0.5,0.0,0.0,,0.3,20.3,2,1.0,7,7,Bronx
779,37055,1,1/1/16,8:08,1/1/16,8:15,N,1,-73.83868408,40.71724319,-73.84747314,40.71191406,1,1.0,5.5,0.0,0.5,0.0,0.0,,0.3,6.3,2,1.0,8,8,Queens
780,50280,2,1/1/16,18:12,1/1/16,18:19,N,1,-73.93664551,40.80262756,-73.95439911,40.77921677,1,2.31,8.5,0.0,0.5,0.0,0.0,,0.3,9.3,2,1.0,18,18,Manhattan
781,53372,2,1/1/16,19:33,1/1/16,19:39,N,1,-73.95107269,40.72431564,-73.95609283,40.73652649,1,1.28,6.5,0.0,0.5,1.46,0.0,,0.3,8.76,1,1.0,19,19,Brooklyn
782,7383,2,1/1/16,1:06,1/1/16,1:23,N,1,-73.92424011,40.69324112,-73.96518707,40.6741066,1,3.42,13.5,0.5,0.5,0.0,0.0,,0.3,14.8,1,1.0,1,1,Brooklyn
783,62089,1,1/1/16,22:03,1/1/16,22:23,N,1,-73.98735809,40.69215393,-73.92626953,40.67396164,2,4.2,16.0,0.5,0.5,0.0,0.0,,0.3,17.3,2,1.0,22,22,Brooklyn
784,58564,2,1/1/16,21:45,1/1/16,21:48,N,1,-73.91053009,40.77632904,-73.92190552,40.77256393,6,0.86,4.5,0.5,0.5,0.0,0.0,,0.3,5.8,2,1.0,21,21,Queens
785,36061,1,1/1/16,7:21,1/1/16,7:49,N,1,-73.85904694,40.75788498,-73.93996429,40.79425429999999,1,8.7,28.0,0.0,0.5,0.0,0.0,,0.3,28.8,2,1.0,7,7,Queens
786,39790,2,1/1/16,12:14,1/1/16,12:14,N,5,-73.85668945,40.86820602,-73.85668945,40.86783981,1,0.01,0.1,0.0,0.0,0.0,0.0,,0.0,0.1,2,2.0,12,12,Bronx
787,51689,2,1/1/16,18:59,1/1/16,19:03,N,1,-73.93914032,40.84270859,-73.93825531,40.85073853,1,0.62,5.0,1.0,0.5,0.0,0.0,,0.3,6.8,1,1.0,18,19,Manhattan
788,13563,2,1/1/16,2:07,1/1/16,2:13,N,1,-73.95242309999998,40.81062317,-73.94933319,40.80274582,1,0.81,6.0,0.5,0.5,1.46,0.0,,0.3,8.76,1,1.0,2,2,Manhattan
789,1203,2,1/1/16,0:42,1/1/16,0:52,N,1,-73.87467194,40.73455429,-73.86476135,40.74739838,1,1.8,9.0,0.5,0.5,0.0,0.0,,0.3,10.3,2,1.0,0,0,Queens
790,36432,2,1/1/16,8:27,1/1/16,8:33,N,1,-73.9543457,40.79906082,-73.93744659,40.80210495,1,1.2,6.5,0.0,0.5,0.0,0.0,,0.3,7.3,2,1.0,8,8,Manhattan
791,49294,2,1/1/16,17:57,1/1/16,18:06,N,1,-73.89033508,40.74694061,-73.88800049,40.75901413,1,1.01,7.5,0.0,0.5,0.0,0.0,,0.3,8.3,2,1.0,17,18,Queens
792,37,2,1/1/16,0:22,1/1/16,0:39,N,1,-73.96296692,40.80411911,-73.92500305,40.82605362,1,3.32,14.5,0.5,0.5,3.16,0.0,,0.3,18.96,1,1.0,0,0,Manhattan
793,4152,2,1/1/16,0:09,1/1/16,0:27,N,1,-73.99529266,40.69054413,-73.90558624,40.70157242,1,6.27,20.5,0.5,0.5,0.0,0.0,,0.3,21.8,2,1.0,0,0,Brooklyn
794,16490,2,1/1/16,2:39,1/1/16,2:51,N,1,-73.94781494,40.80096817,-73.97991943,40.76068878,1,3.53,12.5,0.5,0.5,2.76,0.0,,0.3,16.56,1,1.0,2,2,Manhattan
795,17837,2,1/1/16,2:51,1/1/16,3:09,N,1,-73.92228699,40.70601654,-73.96475983,40.68460846,1,3.37,14.0,0.5,0.5,3.82,0.0,,0.3,19.12,1,1.0,2,3,Brooklyn
796,32240,2,1/1/16,5:59,1/1/16,6:13,N,1,-73.92407990000002,40.74413681,-73.99072266,40.72422409,6,5.37,17.5,0.5,0.5,0.0,0.0,,0.3,18.8,2,1.0,5,6,Queens
797,44354,2,1/1/16,15:19,1/1/16,15:35,N,1,-73.84369659,40.72159576,-73.86034393,40.73599625,1,1.69,12.0,0.0,0.5,2.56,0.0,,0.3,15.36,1,1.0,15,15,Queens
798,63509,2,1/1/16,23:53,1/1/16,23:57,N,1,-73.94725037,40.82504272,-73.93624878,40.82059097,1,0.67,5.0,0.5,0.5,0.0,0.0,,0.3,6.3,2,1.0,23,23,Manhattan
799,39299,2,1/1/16,11:54,1/1/16,11:58,N,1,-73.94211578,40.82252884,-73.94955444,40.82265854,1,0.57,5.0,0.0,0.5,1.16,0.0,,0.3,6.96,1,1.0,11,11,Manhattan
800,38740,2,1/1/16,11:00,1/1/16,11:08,N,1,-73.93946838,40.80482864,-73.96672058,40.79074097,1,2.59,9.5,0.0,0.5,0.0,0.0,,0.3,10.3,2,1.0,11,11,Manhattan
801,1264,2,1/1/16,0:48,1/1/16,0:53,N,1,-73.89868164,40.74614334,-73.88348389,40.74754333,1,0.84,5.5,0.5,0.5,0.0,0.0,,0.3,6.8,2,1.0,0,0,Queens
802,57387,1,1/1/16,20:04,1/1/16,20:13,N,1,-73.94055176,40.78887177,-73.92148590000002,40.82019043,3,2.7,10.5,0.5,0.5,0.0,0.0,,0.3,11.8,2,1.0,20,20,Manhattan
803,53902,2,1/1/16,19:50,1/1/16,19:54,N,1,-73.97184753,40.67247391,-73.98365784,40.66784668,1,0.93,5.0,0.0,0.5,1.45,0.0,,0.3,7.25,1,1.0,19,19,Brooklyn
804,52689,2,1/1/16,19:14,1/1/16,19:17,N,1,-73.83050537,40.70886612,-73.83113861,40.70269394,1,0.54,4.0,0.0,0.5,0.96,0.0,,0.3,5.76,1,1.0,19,19,Queens
805,36148,1,1/1/16,7:07,1/1/16,7:17,N,1,-73.88293457,40.75585938,-73.85769653,40.73988724,1,2.2,9.5,0.0,0.5,0.0,0.0,,0.3,10.3,2,1.0,7,7,Queens
806,45697,1,1/1/16,15:01,1/1/16,15:07,N,1,-73.9495163,40.80213547,-73.93908691,40.80220413,1,0.8,6.0,0.0,0.5,2.0,0.0,,0.3,8.8,1,1.0,15,15,Manhattan
807,26652,2,1/1/16,4:27,1/1/16,4:32,N,1,-73.94054413,40.81389618,-73.93874359,40.82569885,6,1.1,6.0,0.5,0.5,0.0,0.0,,0.3,7.3,2,1.0,4,4,Manhattan
808,42391,2,1/1/16,14:20,1/1/16,14:25,N,1,-73.87499237,40.74845886,-73.86668396,40.74188995,1,0.89,5.5,0.0,0.5,0.0,0.0,,0.3,6.3,2,1.0,14,14,Queens
809,15916,2,1/1/16,2:38,1/1/16,2:45,N,1,-73.84421539,40.72139359,-73.86649323,40.70316696,1,1.91,8.0,0.5,0.5,2.32,0.0,,0.3,11.62,1,1.0,2,2,Queens
810,41756,2,1/1/16,13:55,1/1/16,14:14,N,1,-73.9067688,40.74541855,-73.99227142,40.72677994,1,6.43,20.5,0.0,0.5,5.32,0.0,,0.3,26.62,1,1.0,13,14,Queens
811,15884,2,1/1/16,2:28,1/1/16,2:44,N,1,-73.91750336,40.74289322,-73.87613678,40.76220322,1,4.17,16.0,0.5,0.5,0.0,0.0,,0.3,17.3,2,1.0,2,2,Queens
812,23208,2,1/1/16,3:44,1/1/16,4:01,N,1,-73.94255066,40.79459381,-73.89898682,40.84530258,1,6.07,19.5,0.5,0.5,4.16,0.0,,0.3,24.96,1,1.0,3,4,Manhattan
813,775,2,1/1/16,0:30,1/1/16,0:48,N,1,-73.95829773,40.81069183,-73.9728775,40.76454926,1,4.03,16.0,0.5,0.5,0.0,0.0,,0.3,17.3,2,1.0,0,0,Manhattan
814,17409,2,1/1/16,2:44,1/1/16,3:00,N,1,-73.97863007,40.68455124,-73.90721893,40.67020798,1,4.33,15.5,0.5,0.5,0.0,0.0,,0.3,16.8,2,1.0,2,3,Brooklyn
815,43668,1,1/1/16,14:12,1/1/16,14:19,N,1,-73.91069794,40.76875687,-73.87223816,40.77459335,1,2.5,9.0,0.0,0.5,1.95,0.0,,0.3,11.75,1,1.0,14,14,Queens
816,48792,2,1/1/16,17:47,1/1/16,17:49,N,1,-73.94316864,40.79935837,-73.94097137,40.8067627,1,0.57,4.0,0.0,0.5,0.0,0.0,,0.3,4.8,2,1.0,17,17,Manhattan
817,638,2,1/1/16,0:28,1/1/16,0:46,N,1,-73.99419403,40.70314407,-73.9720459,40.76549911,1,7.61,23.5,0.5,0.5,0.0,0.0,,0.3,24.8,2,1.0,0,0,Brooklyn
818,26872,2,1/1/16,4:26,1/1/16,4:36,N,1,-73.94445038,40.72038651,-73.93477631,40.70329666,1,2.31,10.0,0.5,0.5,2.82,0.0,,0.3,14.12,1,1.0,4,4,New York
819,54016,2,1/1/16,19:50,1/1/16,19:57,N,1,-73.97754669,40.68432236,-73.99358368,40.68712616,1,1.24,7.0,0.0,0.5,0.0,0.0,,0.3,7.8,1,1.0,19,19,Brooklyn
820,45672,1,1/1/16,15:04,1/1/16,15:15,N,1,-73.95459747,40.68006897,-73.92085266,40.68814468,1,2.1,10.0,0.0,0.5,2.15,0.0,,0.3,12.95,1,1.0,15,15,Brooklyn
821,9299,2,1/1/16,1:38,1/1/16,1:45,N,1,-73.83921051,40.70079803,-73.83563232,40.68742752,1,1.12,6.5,0.5,0.5,1.56,0.0,,0.3,9.36,1,1.0,1,1,Queens
822,32987,2,1/1/16,6:01,1/1/16,6:05,N,1,-73.86034393,40.73597336,-73.85146332,40.73812866,1,1.17,6.0,0.0,0.5,0.0,0.0,,0.3,6.8,2,1.0,6,6,Queens
823,59201,2,1/1/16,21:51,1/1/16,22:12,N,1,-73.96111298,40.71889496,-73.97837829999997,40.67211914,1,4.92,18.5,0.5,0.5,4.95,0.0,,0.3,24.75,1,1.0,21,22,Brooklyn
824,55182,2,1/1/16,20:06,1/1/16,20:15,N,1,-73.98679352,40.70236206,-73.99542999,40.71711349,1,2.26,9.5,0.5,0.5,0.0,0.0,,0.3,10.8,2,1.0,20,20,Brooklyn
825,38927,2,1/1/16,11:13,1/1/16,11:26,N,1,-73.97267151,40.67845535,-73.96370697,40.71133804,1,3.93,14.5,0.0,0.5,0.0,0.0,,0.3,15.3,2,1.0,11,11,Brooklyn
826,10206,2,1/1/16,1:32,1/1/16,1:55,N,1,-73.94390869,40.6832695,-73.95775604,40.63848495,1,3.98,17.5,0.5,0.5,0.0,0.0,,0.3,18.8,2,1.0,1,1,Brooklyn
827,21953,2,1/1/16,3:37,1/1/16,3:43,N,1,-73.89064026,40.74670029,-73.88157654,40.75591278,1,1.0,6.5,0.5,0.5,0.0,0.0,,0.3,7.8,2,1.0,3,3,Queens
828,62724,2,1/1/16,23:14,1/1/16,23:31,N,1,-73.93576813,40.79544067,-73.89086914,40.83585739,1,4.2,15.5,0.5,0.5,0.0,0.0,,0.3,16.8,2,1.0,23,23,Manhattan
829,19547,1,1/1/16,2:04,1/1/16,2:06,N,1,-73.96645355,40.681427,-73.96242523,40.68064117,1,0.2,3.5,0.5,0.5,0.0,0.0,,0.3,4.8,1,1.0,2,2,Brooklyn
830,2888,2,1/1/16,0:46,1/1/16,1:18,N,1,-74.00240326,40.57705688,-74.00454712,40.65623856,1,9.14,31.0,0.5,0.5,0.0,0.0,,0.3,32.3,2,1.0,0,1,Brooklyn
831,10924,2,1/1/16,1:48,1/1/16,2:04,N,1,-73.8914566,40.7466507,-73.89679718,40.72503662,1,2.78,12.0,0.5,0.5,0.0,0.0,,0.3,13.3,2,1.0,1,2,Queens
832,55190,2,1/1/16,20:09,1/1/16,20:16,N,1,-73.97781372,40.68478012,-73.99320221,40.68260956,1,1.37,6.5,0.5,0.5,0.0,0.0,,0.3,7.8,1,1.0,20,20,Kings County
833,13270,1,1/1/16,1:00,1/1/16,1:04,N,1,-73.92657471,40.76579285,-73.9283905,40.75590515,1,0.9,5.5,0.5,0.5,0.0,0.0,,0.3,6.8,1,1.0,1,1,Queens
834,48379,2,1/1/16,17:24,1/1/16,17:35,N,1,-73.93199158,40.79549789,-73.95729065,40.81172562,1,2.05,9.5,0.0,0.5,0.0,0.0,,0.3,10.3,2,1.0,17,17,Manhattan
835,16588,2,1/1/16,2:31,1/1/16,2:53,N,1,-73.9252243,40.82782745,-73.84539032,40.88501358,1,8.43,26.5,0.5,0.5,0.0,0.0,,0.3,27.8,2,1.0,2,2,Bronx
836,26459,2,1/1/16,4:23,1/1/16,4:29,N,1,-73.92054749,40.75695419,-73.91163635,40.76529694,1,1.02,6.0,0.5,0.5,0.0,0.0,,0.3,7.3,2,1.0,4,4,Queens
837,4240,2,1/1/16,0:26,1/1/16,0:29,N,1,-73.92266846,40.68992615,-73.93150329999997,40.69501114,1,0.59,4.5,0.5,0.5,1.45,0.0,,0.3,7.25,1,1.0,0,0,Brooklyn
838,39587,1,1/1/16,11:37,1/1/16,11:43,N,1,-73.93937683,40.81513596,-73.93106842,40.82286072,1,1.4,7.0,0.0,0.5,0.0,0.0,,0.3,7.8,2,1.0,11,11,Manhattan
839,53617,2,1/1/16,19:35,1/1/16,19:46,N,1,-73.94418335,40.71461105,-73.94297028,40.69321823,1,1.85,9.0,0.0,0.5,0.0,0.0,,0.3,9.8,2,1.0,19,19,Brooklyn
840,4663,2,1/1/16,0:26,1/1/16,0:34,N,1,-73.97852325,40.68551254,-73.96141052,40.67520142,1,1.27,7.0,0.5,0.5,1.66,0.0,,0.3,9.96,1,1.0,0,0,Kings County
841,739,2,1/1/16,0:25,1/1/16,0:48,N,1,-73.99423218,40.70310593,-73.95967102,40.65570068,1,4.05,17.5,0.5,0.5,3.76,0.0,,0.3,22.56,1,1.0,0,0,Brooklyn
842,58529,2,1/1/16,21:37,1/2/16,21:27,N,1,-73.97135925,40.68504715,-73.99343109,40.68242264,1,2.34,10.0,0.5,0.5,2.26,0.0,,0.3,13.56,1,1.0,21,21,Brooklyn
843,12804,1,1/1/16,1:19,1/1/16,1:46,N,1,-73.83023834,40.71355820000001,-73.95677948,40.76679611,2,11.4,34.5,0.5,0.5,0.0,0.0,,0.3,35.8,1,1.0,1,1,Queens
844,44182,2,1/1/16,15:20,1/1/16,15:28,N,1,-73.91944885,40.74344635,-73.92293549,40.75561142,1,1.04,7.0,0.0,0.5,0.0,0.0,,0.3,7.8,2,1.0,15,15,Queens
845,22693,2,1/1/16,3:48,1/1/16,3:54,N,1,-73.954422,40.69477844,-73.96363831,40.68696213,1,1.23,6.5,0.5,0.5,1.95,0.0,,0.3,9.75,1,1.0,3,3,Brooklyn
846,25858,2,1/1/16,4:09,1/1/16,4:20,N,1,-73.91487885,40.75364304,-73.88462067,40.75149918,1,1.85,9.5,0.5,0.5,2.16,0.0,,0.3,12.96,1,1.0,4,4,Queens
847,49667,1,1/1/16,17:38,1/1/16,17:42,N,1,-73.92578888,40.7625885,-73.91907501,40.76757431,1,0.9,5.0,0.0,0.5,0.0,0.0,,0.3,5.8,2,1.0,17,17,Queens
848,51303,2,1/1/16,18:27,1/1/16,18:52,N,1,-73.91389465,40.76534653,-73.95169067,40.71430588,5,5.21,20.5,0.0,0.5,2.0,0.0,,0.3,23.3,1,1.0,18,18,Queens
849,12097,1,1/1/16,1:52,1/1/16,1:53,N,1,-73.90172577,40.86849594,-73.90602112,40.87042618,1,0.3,3.0,0.5,0.5,0.0,0.0,,0.3,4.3,2,1.0,1,1,Bronx
850,32912,1,1/1/16,5:04,1/1/16,5:07,N,1,-73.89575958,40.74104309,-73.90110016,40.74263763,2,0.6,4.0,0.5,0.5,0.0,0.0,,0.3,5.3,2,1.0,5,5,Queens
851,42275,2,1/1/16,14:08,1/1/16,14:18,N,1,-73.83428955,40.75805664,-73.86642456,40.7527504,1,2.27,10.0,0.0,0.5,0.0,0.0,,0.3,10.8,2,1.0,14,14,Queens
852,13648,2,1/1/16,2:08,1/1/16,2:15,N,1,-73.98822021,40.69602203,-73.99936676,40.67529678,1,1.87,8.0,0.5,0.5,2.79,0.0,,0.3,12.09,1,1.0,2,2,Brooklyn
853,42418,2,1/1/16,14:23,1/1/16,14:27,N,1,-73.95063782,40.81087875,-73.93874359,40.81721115,6,1.02,5.0,0.0,0.5,0.0,0.0,,0.3,5.8,2,1.0,14,14,Manhattan
854,60978,2,1/1/16,22:44,1/1/16,22:50,N,1,-73.98390961,40.69489288,-73.99510193,40.71772766,2,1.71,7.5,0.5,0.5,2.0,0.0,,0.3,10.8,1,1.0,22,22,Brooklyn
855,26368,2,1/1/16,4:19,1/1/16,4:28,N,1,-73.91945648,40.8680687,-73.90847778,40.88427353,1,1.92,8.5,0.5,0.5,0.0,0.0,,0.3,9.8,2,1.0,4,4,Manhattan
856,46635,2,1/1/16,16:22,1/1/16,16:48,N,1,-73.99294281,40.69310379,-73.95135498,40.80463791,1,11.31,33.5,0.0,0.5,6.86,0.0,,0.3,41.16,1,1.0,16,16,Brooklyn
857,59130,2,1/1/16,21:59,1/1/16,22:06,N,1,-73.95783234,40.71763992,-73.94711304,40.69788742,1,2.08,8.0,0.5,0.5,0.0,0.0,,0.3,9.3,2,1.0,21,22,Brooklyn
858,58947,2,1/1/16,21:48,1/1/16,21:58,N,1,-73.90364075,40.74498749,-73.91947174,40.76519775,5,1.99,9.5,0.5,0.5,0.0,0.0,,0.3,10.8,2,1.0,21,21,Queens
859,40956,2,1/1/16,13:07,1/1/16,13:18,N,1,-73.80751038,40.70035172,-73.83350372,40.67291641,1,3.4,12.0,0.0,0.5,0.0,0.0,,0.3,12.8,2,1.0,13,13,Queens
860,1337,2,1/1/16,0:49,1/1/16,0:54,N,1,-73.83044434,40.75956345,-73.83467865,40.74675369,1,1.18,6.5,0.5,0.5,0.0,0.0,,0.3,7.8,2,1.0,0,0,Queens
861,17852,2,1/1/16,2:53,1/1/16,3:09,N,1,-74.00524902,40.6533699,-73.94540405,40.68160248,5,4.8,16.5,0.5,0.5,0.0,0.0,,0.3,17.8,2,1.0,2,3,Brooklyn
862,58681,2,1/1/16,21:43,1/1/16,21:52,N,1,-73.93063354,40.67152023,-73.93299103,40.6635704,1,0.39,6.5,0.5,0.5,0.0,0.0,,0.3,7.8,2,1.0,21,21,Brooklyn
863,44320,2,1/1/16,15:26,1/1/16,15:33,N,1,-73.94364166,40.82353592,-73.94400787,40.80984879,1,1.14,6.5,0.0,0.5,0.0,0.0,,0.3,7.3,2,1.0,15,15,Manhattan
864,44515,2,1/1/16,15:22,1/1/16,15:42,N,1,-73.94847107,40.80356598,-73.97510529,40.74973679,1,4.65,18.0,0.0,0.5,0.0,0.0,,0.3,18.8,2,1.0,15,15,Manhattan
865,6006,1,1/1/16,0:22,1/1/16,0:57,N,1,-73.95646667,40.68331146,-73.95235443,40.78100586,1,10.5,34.5,0.5,0.5,7.15,0.0,,0.3,42.95,1,1.0,0,0,Brooklyn
866,23103,2,1/1/16,3:52,1/1/16,3:58,N,1,-73.95752716,40.67197037,-73.93918609999999,40.67205429,1,1.82,7.5,0.5,0.5,0.0,0.0,,0.3,8.8,2,1.0,3,3,Brooklyn
867,24490,1,1/1/16,3:40,1/1/16,3:46,N,1,-73.90396118,40.75374603,-73.88199615,40.75605392,1,1.5,7.0,0.5,0.5,2.45,0.0,,0.3,10.75,1,1.0,3,3,Queens
868,37761,1,1/1/16,9:40,1/1/16,9:42,N,1,-73.91156006,40.76805115,-73.9197998,40.75815201,2,0.8,4.5,0.0,0.5,0.0,0.0,,0.3,5.3,2,1.0,9,9,Queens
869,56527,2,1/1/16,20:53,1/1/16,20:58,N,1,-73.92171478,40.76673126,-73.92467499,40.75850296,1,0.73,5.0,0.5,0.5,0.0,0.0,,0.3,6.3,1,1.0,20,20,Queens
870,13170,1,1/1/16,1:03,1/1/16,1:06,N,1,-73.95429993,40.81142807,-73.95884705,40.80975723,1,0.4,4.0,0.5,0.5,0.0,0.0,,0.3,5.3,2,1.0,1,1,Manhattan
871,38842,2,1/1/16,11:17,1/1/16,11:18,N,1,-73.98318481,40.67298889,-73.98928833,40.66953278,1,0.53,3.5,0.0,0.5,0.0,0.0,,0.3,4.3,2,1.0,11,11,Brooklyn
872,4538,2,1/1/16,0:17,1/1/16,0:33,N,1,-73.96800995,40.6933136,-73.93148804,40.68389893,1,2.78,12.0,0.5,0.5,0.0,0.0,,0.3,13.3,1,1.0,0,0,Brooklyn
873,37530,2,1/1/16,9:50,1/1/16,9:54,N,1,-73.91403961,40.82417679,-73.89910889,40.82585144,1,0.95,5.5,0.0,0.5,0.0,0.0,,0.3,6.3,2,1.0,9,9,Bronx
874,6949,2,1/1/16,1:13,1/1/16,1:17,N,1,-73.84882355,40.72342682,-73.84526062,40.71952438,1,0.41,4.5,0.5,0.5,0.0,0.0,,0.3,5.8,2,1.0,1,1,Queens
875,63059,2,1/1/16,23:35,1/1/16,23:42,N,1,-73.94212341,40.79805374,-73.95457458,40.80064774,1,0.81,7.0,0.5,0.5,0.0,0.0,,0.3,8.3,1,1.0,23,23,Manhattan
876,31612,2,1/1/16,5:31,1/1/16,5:50,N,1,-73.94425964,40.7863121,-73.85823822,40.73807144,2,10.39,29.5,0.5,0.5,0.0,5.54,,0.3,36.34,2,1.0,5,5,Manhattan
877,24990,1,1/1/16,3:15,1/1/16,3:18,N,1,-73.91468048,40.75374222,-73.90695953,40.76429749,1,0.9,5.0,0.5,0.5,0.0,0.0,,0.3,6.3,2,1.0,3,3,Queens
878,60074,2,1/1/16,22:10,1/1/16,22:20,N,1,-73.92700958,40.81923676,-73.90284729,40.85657883,1,3.49,12.0,0.5,0.5,0.0,0.0,,0.3,13.3,2,1.0,22,22,Bronx
879,61925,1,1/1/16,22:24,1/1/16,22:33,N,1,-73.89083099,40.74840546,-73.87415314,40.74407578,1,1.2,7.5,0.5,0.5,1.75,0.0,,0.3,10.55,1,1.0,22,22,Queens
880,2826,2,1/1/16,0:59,1/1/16,1:16,N,1,-73.91189575,40.77547455,-73.85379028,40.72194672,1,7.74,24.0,0.5,0.5,5.06,0.0,,0.3,30.36,1,1.0,0,1,Queens
881,50154,2,1/1/16,18:00,1/1/16,18:14,N,1,-73.87229156,40.73428726,-73.92218781,40.74377823,2,2.81,12.0,0.0,0.5,0.0,0.0,,0.3,12.8,2,1.0,18,18,Queens
882,14180,2,1/1/16,2:15,1/1/16,2:23,N,1,-73.95883179,40.819664,-73.95664215,40.80254364,2,1.59,8.0,0.5,0.5,1.0,0.0,,0.3,10.3,1,1.0,2,2,Manhattan
883,30367,2,1/1/16,5:07,1/1/16,5:20,N,1,-73.94965363,40.7853241,-73.92099762,40.83123016,2,3.58,14.0,0.5,0.5,7.0,0.0,,0.3,22.3,1,1.0,5,5,Manhattan
884,19769,2,1/1/16,3:01,1/1/16,3:10,N,1,-73.95263672,40.81054306,-73.93713379,40.80515671,1,1.16,7.5,0.5,0.5,0.0,0.0,,0.3,8.8,2,1.0,3,3,Manhattan
885,59936,2,1/1/16,22:12,1/1/16,22:15,N,1,-73.91518402,40.76379776,-73.92390442,40.76132965,1,0.68,4.5,0.5,0.5,0.0,0.0,,0.3,5.8,2,1.0,22,22,Queens
886,62257,2,1/1/16,23:08,1/1/16,23:13,N,1,-73.84475708,40.72208786,-73.85575867,40.72797012,1,0.72,5.5,0.5,0.5,0.0,0.0,,0.3,6.8,2,1.0,23,23,Queens
887,32148,2,1/1/16,5:35,1/1/16,6:07,N,1,-73.91373444,40.76559448,-73.76234436,40.69826889,1,14.1,40.0,0.5,0.5,0.0,0.0,,0.3,41.3,2,1.0,5,6,Queens
888,28445,2,1/1/16,4:59,1/1/16,5:02,N,1,-73.85561371,40.75170517,-73.86369324,40.75514603,1,0.65,4.5,0.5,0.5,0.0,0.0,,0.3,5.8,2,1.0,4,5,Queens
889,39351,2,1/1/16,11:38,1/1/16,12:00,N,1,-73.92218781,40.67890549,-73.8755188,40.65110779,1,4.74,18.0,0.0,0.5,0.0,0.0,,0.3,18.8,2,1.0,11,12,Brooklyn
890,29166,1,1/1/16,4:47,1/1/16,4:51,N,1,-73.91757965,40.73898315,-73.91130066,40.74446106,1,0.6,4.5,0.5,0.5,0.0,0.0,,0.3,5.8,2,1.0,4,4,Queens
891,56695,2,1/1/16,20:59,1/1/16,21:03,N,1,-73.95774841,40.6708374,-73.94702911,40.67956924,4,1.12,5.5,0.5,0.5,0.0,0.0,,0.3,6.8,2,1.0,20,21,Kings County
892,25114,1,1/1/16,3:06,1/1/16,3:28,N,1,-73.96779633,40.64860916,-73.92966461,40.70085526,1,8.6,28.0,0.5,0.5,7.3,0.0,,0.3,36.6,1,1.0,3,3,Brooklyn
893,18734,1,1/1/16,2:40,1/1/16,2:44,N,1,-73.94939423,40.80204773,-73.94176483,40.81290436,1,0.9,5.5,0.5,0.5,1.35,0.0,,0.3,8.15,1,1.0,2,2,Manhattan
894,41455,2,1/1/16,13:52,1/1/16,13:52,N,5,-73.89489746,40.85253143,-73.89481354,40.85250854,1,0.0,13.0,0.0,0.0,2.6,0.0,,0.0,15.6,1,2.0,13,13,Bronx
895,47725,2,1/1/16,17:03,1/1/16,17:08,N,1,-73.98714447,40.69149017,-73.97502899,40.69588852,1,0.94,5.5,0.0,0.5,1.89,0.0,,0.3,8.19,1,1.0,17,17,Brooklyn
896,45666,1,1/1/16,15:04,1/1/16,15:29,N,1,-73.88187408,40.76353836,-73.81983948,40.67732239,1,8.2,27.0,0.5,0.5,0.0,0.0,,0.3,28.3,2,1.0,15,15,Queens
897,19915,2,1/1/16,3:07,1/1/16,3:14,N,1,-73.89142609,40.7467041,-73.89596558,40.73406601,2,1.14,6.5,0.5,0.5,0.0,0.0,,0.3,7.8,2,1.0,3,3,Queens
898,33264,2,1/1/16,6:03,1/1/16,6:21,N,1,-74.00002289,40.65866089,-73.97768402,40.59879684,2,5.54,19.0,0.0,0.5,0.0,0.0,,0.3,19.8,2,1.0,6,6,Brooklyn
899,22795,2,1/1/16,3:49,1/1/16,3:55,N,1,-73.93799591,40.8234787,-73.94439697,40.80945206,1,1.11,6.5,0.5,0.5,0.0,0.0,,0.3,7.8,2,1.0,3,3,Manhattan
900,43430,1,1/1/16,14:49,1/1/16,14:53,N,1,-73.95368958,40.790802,-73.95590973,40.77932358,2,1.0,5.5,0.0,0.5,1.55,0.0,,0.3,7.85,1,1.0,14,14,Manhattan
901,14524,2,1/1/16,2:10,1/1/16,2:26,N,1,-73.87719727,40.73749542,-73.85622406,40.74585342,1,2.19,12.5,0.5,0.5,0.0,0.0,,0.3,13.8,2,1.0,2,2,Queens
902,44572,2,1/1/16,15:37,1/1/16,15:44,N,1,-73.93663025,40.79860687,-73.95613098,40.76800156,1,2.56,9.5,0.0,0.5,3.09,0.0,,0.3,13.39,1,1.0,15,15,Manhattan
903,29381,1,1/1/16,4:34,1/1/16,4:36,N,1,-73.94940186,40.68041992,-73.95355225,40.68818283,1,0.8,4.5,0.5,0.5,0.0,0.0,,0.3,5.8,2,1.0,4,4,Brooklyn
904,4318,2,1/1/16,0:15,1/1/16,0:29,N,1,-73.93661499,40.67087936,-73.94274139,40.64076996,1,2.69,12.0,0.5,0.5,2.66,0.0,,0.3,15.96,1,1.0,0,0,Brooklyn
905,46125,2,1/1/16,16:22,1/1/16,16:26,N,1,-73.91915131,40.7590065,-73.92015839,40.76826859,1,0.95,5.5,0.0,0.5,0.0,0.0,,0.3,6.3,2,1.0,16,16,Queens
906,13056,1,1/1/16,1:08,1/1/16,1:27,N,1,-73.94427490000002,40.79212952,-73.93104553,40.85477448,1,5.1,18.5,0.5,0.5,3.95,0.0,,0.3,23.75,1,1.0,1,1,Manhattan
907,41289,2,1/1/16,13:22,1/1/16,13:41,N,1,-73.7983551,40.70401382,-73.74760437,40.68918991,1,4.22,14.5,0.0,0.5,0.0,0.0,,0.3,15.3,2,1.0,13,13,Queens
908,25862,2,1/1/16,4:13,1/1/16,4:20,N,1,-73.8299942,40.71373749,-73.81684875,40.68488693,1,2.82,9.5,0.5,0.5,0.0,0.0,,0.3,10.8,2,1.0,4,4,Queens
909,7393,2,1/1/16,1:08,1/1/16,1:23,N,1,-73.94503784,40.81358337,-73.94272614,40.80020905,1,1.56,11.5,0.5,0.5,0.0,0.0,,0.3,12.8,1,1.0,1,1,Manhattan
910,9564,2,1/1/16,1:36,1/1/16,1:48,N,1,-74.01406097,40.64491272,-73.98334503,40.6725502,1,2.63,11.0,0.5,0.5,2.46,0.0,,0.3,14.76,1,1.0,1,1,Brooklyn
911,34957,2,1/1/16,7:04,1/1/16,7:10,N,1,-73.9454422,40.83330154,-73.93593597,40.84815979,1,1.15,6.5,0.0,0.5,0.0,0.0,,0.3,7.3,2,1.0,7,7,Manhattan
912,63349,2,1/1/16,23:46,1/1/16,23:53,N,1,-73.99362183,40.68701935,-74.0135498,40.64905167,1,3.08,10.0,0.5,0.5,0.0,0.0,,0.3,11.3,2,1.0,23,23,Brooklyn
913,53310,2,1/1/16,19:32,1/1/16,19:36,N,1,-73.97980499,40.66893768,-73.97323608,40.67833328,1,0.68,5.0,0.0,0.5,0.0,0.0,,0.3,5.8,2,1.0,19,19,Brooklyn
914,20034,2,1/1/16,3:10,1/1/16,3:16,N,1,-73.8442688,40.72148514,-73.84825897,40.73545837,1,1.18,6.5,0.5,0.5,0.0,0.0,,0.3,7.8,1,1.0,3,3,Queens
915,32893,1,1/1/16,5:06,1/1/16,5:16,N,1,-73.94976807,40.68167496,-73.95027161,40.65762711,1,1.7,9.0,0.5,0.5,0.0,0.0,,0.3,10.3,2,1.0,5,5,Brooklyn
916,46580,2,1/1/16,16:29,1/1/16,16:46,N,1,-73.93996429,40.84051514,-73.98343658,40.76079559,1,7.03,22.0,0.0,0.5,4.56,0.0,,0.3,27.36,1,1.0,16,16,Manhattan
917,24240,1,1/1/16,3:52,1/1/16,3:56,N,1,-73.88253784,40.7477684,-73.87273407,40.74884415,1,0.5,4.5,0.5,0.5,0.0,0.0,,0.3,5.8,2,1.0,3,3,Queens
918,43127,2,1/1/16,14:54,1/1/16,15:01,N,1,-73.94772339,40.79033279,-73.97425842,40.78353119,1,2.15,8.5,0.0,0.5,1.5,0.0,,0.3,10.8,1,1.0,14,15,Manhattan
919,45830,2,1/1/16,16:03,1/1/16,16:13,N,1,-73.93492889,40.84842682,-73.89073944,40.82866669,1,3.95,13.0,0.0,0.5,0.0,0.0,,0.3,13.8,2,1.0,16,16,Manhattan
920,1955,2,1/1/16,0:44,1/1/16,1:01,N,1,-73.93679047,40.82991028,-73.89810181,40.85714722,1,4.27,17.0,0.5,0.5,0.0,0.0,,0.3,18.3,2,1.0,0,1,Manhattan
921,57711,2,1/1/16,21:09,1/1/16,21:19,N,1,-73.97753906,40.68694687,-73.97663879,40.65859222,1,2.45,10.0,0.5,0.5,0.0,0.0,,0.3,11.3,2,1.0,21,21,Brooklyn
922,50556,2,1/1/16,18:20,1/1/16,18:28,N,1,-73.92736816,40.82816315,-73.92154694,40.85260391,1,2.09,9.0,0.0,0.5,1.96,0.0,,0.3,11.76,1,1.0,18,18,Bronx
923,51039,2,1/1/16,18:25,1/1/16,18:43,N,1,-73.97019958,40.68949127,-73.99097443,40.74531555,1,4.98,17.0,0.0,0.5,0.0,0.0,,0.3,17.8,2,1.0,18,18,Brooklyn
924,38524,2,1/1/16,10:59,1/1/16,11:17,N,1,-73.92165375,40.76683807,-73.94891357,40.78166199,1,5.16,18.0,0.0,0.5,3.76,0.0,,0.3,22.56,1,1.0,10,11,Queens
925,2238,2,1/1/16,0:41,1/1/16,1:04,N,1,-73.99219513,40.69013214,-73.88304138,40.74291611,1,8.37,27.0,0.5,0.5,0.0,0.0,,0.3,28.3,2,1.0,0,1,Brooklyn
926,17588,2,1/1/16,2:53,1/1/16,3:04,N,1,-73.93359375,40.67084885,-73.95064545,40.68997955,1,2.4,10.5,0.5,0.5,0.0,0.0,,0.3,11.8,2,1.0,2,3,Brooklyn
927,22006,2,1/1/16,3:31,1/1/16,3:44,N,1,-73.86166382,40.75003433,-73.90383911,40.75129318,1,2.41,11.0,0.5,0.5,0.0,0.0,,0.3,12.3,2,1.0,3,3,Queens
928,442,2,1/1/16,0:33,1/1/16,0:44,N,1,-73.87238312,40.75188446,-73.9187088,40.75892639,1,2.81,11.0,0.5,0.5,1.0,0.0,,0.3,13.3,1,1.0,0,0,Queens
929,42781,2,1/1/16,14:37,1/1/16,14:44,N,1,-73.95418549,40.58760834,-73.93784332,40.5942955,1,1.24,7.0,0.0,0.5,0.0,0.0,,0.3,7.8,2,1.0,14,14,Brooklyn
930,17002,2,1/1/16,2:32,1/1/16,2:57,N,1,-73.85901642,40.69241333,-73.86199951,40.74991226,1,5.08,20.5,0.5,0.5,0.0,0.0,,0.3,21.8,2,1.0,2,2,Queens
931,51221,2,1/1/16,18:44,1/1/16,18:49,N,1,-74.01058959999997,40.67193222,-74.00565338,40.68359756,1,1.04,5.5,0.0,0.5,1.26,0.0,,0.3,7.56,1,1.0,18,18,Brooklyn
932,31557,2,1/1/16,5:43,1/1/16,5:49,N,1,-73.9377594,40.80458832,-73.95602417,40.81312561,1,1.12,6.5,0.5,0.5,0.0,0.0,,0.3,7.8,1,1.0,5,5,Manhattan
933,5177,1,1/1/16,0:54,1/1/16,1:05,N,1,-73.87909698,40.67481995,-73.89604187,40.65805054,1,2.1,9.0,0.5,0.5,0.0,0.0,,0.3,10.3,2,1.0,0,1,Brooklyn
934,56186,2,1/1/16,20:30,1/1/16,20:48,N,1,-73.95703125,40.74581528,-73.96398926,40.71645355,1,3.61,15.5,0.5,0.5,3.36,0.0,,0.3,20.16,1,1.0,20,20,Queens
935,48979,2,1/1/16,17:42,1/1/16,17:55,N,1,-73.96174622,40.71089935,-73.92883301,40.70463943,1,2.22,10.5,0.0,0.5,0.0,0.0,,0.3,11.3,2,1.0,17,17,Brooklyn
936,33818,2,1/1/16,6:34,1/1/16,6:43,N,1,-73.95796967,40.71748734,-73.92953491,40.70816803,1,2.05,9.0,0.0,0.5,1.96,0.0,,0.3,11.76,1,1.0,6,6,Brooklyn
937,4361,2,1/1/16,0:25,1/1/16,0:31,N,1,-73.97138214,40.68639374,-73.98334503,40.68558121,1,1.06,5.5,0.5,0.5,0.0,0.0,,0.3,6.8,2,1.0,0,0,Brooklyn
938,23805,2,1/1/16,3:49,1/1/16,4:12,N,1,-73.96221924,40.70986557,-73.93479919,40.67166519,1,3.78,16.5,0.5,0.5,2.0,0.0,,0.3,19.8,1,1.0,3,4,Brooklyn
939,48860,2,1/1/16,17:41,1/1/16,17:51,N,1,-73.96122742,40.71137238,-73.93279266,40.69281769,4,2.18,9.5,0.0,0.5,0.0,0.0,,0.3,10.3,2,1.0,17,17,Brooklyn
940,13810,2,1/1/16,2:13,1/1/16,2:17,N,1,-73.90106964,40.74401855,-73.89595795,40.73579025,1,1.17,5.5,0.5,0.5,0.0,0.0,,0.3,6.8,2,1.0,2,2,Queens
941,2557,2,1/1/16,0:55,1/1/16,1:09,N,1,-73.9330368,40.70423126,-73.9838562,40.6944313,5,3.1,13.0,0.5,0.5,0.0,0.0,,0.3,14.3,2,1.0,0,1,Brooklyn
942,60976,2,1/1/16,22:32,1/1/16,22:50,N,1,-73.96006012,40.71984863,-73.91204834,40.76995087,1,6.97,22.0,0.5,0.5,0.0,0.0,,0.3,23.3,1,1.0,22,22,Brooklyn
943,48527,2,1/1/16,17:26,1/1/16,17:40,N,1,-73.96604156,40.67427063,-73.97156525,40.6265564,1,4.1,14.5,0.0,0.5,3.06,0.0,,0.3,18.36,1,1.0,17,17,Brooklyn
944,29209,1,1/1/16,4:45,1/1/16,4:46,N,1,-73.95183563,40.82464981,-73.95185089,40.82463074,1,5.7,3.0,0.5,0.5,0.0,0.0,,0.3,4.3,3,1.0,4,4,Manhattan
945,58971,2,1/1/16,21:54,1/1/16,22:00,N,1,-73.98254395,40.7013092,-73.97610474,40.68379593,1,1.43,6.5,0.5,0.5,0.0,0.0,,0.3,7.8,2,1.0,21,22,Kings County
946,3872,2,1/1/16,0:20,1/1/16,0:24,N,1,-73.94237518,40.78625870000001,-73.95114899,40.78012848,1,0.73,4.5,0.5,0.5,0.0,0.0,,0.3,5.8,2,1.0,0,0,Manhattan
947,31372,2,1/1/16,5:40,1/1/16,5:44,N,1,-73.84479523,40.72200012,-73.83119202,40.72791672,1,1.04,6.0,0.5,0.5,1.82,0.0,,0.3,9.12,1,1.0,5,5,Queens
948,22874,2,1/1/16,3:42,1/1/16,3:56,N,1,-73.92623138,40.69811249,-73.96475983,40.68353271,1,2.85,11.5,0.5,0.5,0.0,0.0,,0.3,12.8,2,1.0,3,3,Brooklyn
949,5893,1,1/1/16,0:25,1/1/16,0:33,N,1,-73.99246979,40.68372345,-73.98660278,40.70219421,1,1.4,7.0,0.5,0.5,2.45,0.0,,0.3,10.75,1,1.0,0,0,Brooklyn
950,15923,2,1/1/16,2:32,1/1/16,2:45,N,1,-73.98560333,40.67841339,-73.95304871,40.67455673,1,1.98,10.0,0.5,0.5,0.0,0.0,,0.3,11.3,2,1.0,2,2,Brooklyn
951,30889,2,1/1/16,5:04,1/1/16,5:31,N,1,-73.82995605,40.75938797,-74.03247833,40.61948013,2,19.86,53.5,0.5,0.5,0.0,0.0,,0.3,54.8,2,1.0,5,5,Queens
952,43626,1,1/1/16,14:19,1/1/16,14:30,N,1,-73.80773926,40.70043945,-73.76512909,40.67922211,2,3.5,12.5,0.5,0.5,0.0,0.0,,0.3,13.8,2,1.0,14,14,Queens
953,22154,2,1/1/16,3:39,1/1/16,3:46,N,1,-73.94356537,40.79324341,-73.91240692,40.80303574,1,2.31,8.5,0.5,0.5,0.0,0.0,,0.3,9.8,2,1.0,3,3,Manhattan
954,47904,2,1/1/16,17:07,1/1/16,17:16,N,1,-73.93866729999998,40.8220253,-73.90230559999998,40.82253265,1,2.21,9.5,0.0,0.5,0.0,0.0,,0.3,10.3,2,1.0,17,17,Manhattan
955,2813,2,1/1/16,0:48,1/1/16,1:16,N,1,-73.94059753,40.81903076,-73.98895264,40.75860596,1,6.83,26.5,0.5,0.5,5.56,0.0,,0.3,33.36,1,1.0,0,1,Manhattan
956,56844,2,1/1/16,20:46,1/1/16,21:12,N,1,-73.94724274,40.78414917,-73.95330048,40.75806427,1,6.23,22.5,0.5,0.5,5.95,0.0,,0.3,29.75,1,1.0,20,21,Manhattan
957,202,2,1/1/16,0:28,1/1/16,0:41,N,1,-73.95521545,40.80452347,-73.93731689,40.8068428,1,1.85,10.0,0.5,0.5,0.0,0.0,,0.3,11.3,2,1.0,0,0,Manhattan
958,2595,2,1/1/16,0:51,1/1/16,1:09,N,1,-73.99249268,40.70212555,-74.01353455,40.7081604,1,3.94,15.0,0.5,0.5,0.0,0.0,,0.3,16.3,2,1.0,0,1,Brooklyn
959,7687,2,1/1/16,1:17,1/1/16,1:27,N,1,-73.91002655,40.76965332,-73.92226409999998,40.76312256,1,1.29,8.0,0.5,0.5,1.86,0.0,,0.3,11.16,1,1.0,1,1,Queens
960,30460,2,1/1/16,5:18,1/1/16,5:22,N,1,-73.92510223,40.76172638,-73.91412354,40.75990677,1,0.73,5.0,0.5,0.5,1.89,0.0,,0.3,8.19,1,1.0,5,5,Queens
961,18625,1,1/1/16,2:45,1/1/16,2:50,N,1,-73.95865631,40.71707916,-73.96642303,40.71150208,1,0.8,5.5,0.5,0.5,0.0,0.0,,0.3,6.8,2,1.0,2,2,Brooklyn
962,16146,2,1/1/16,2:39,1/1/16,2:47,N,1,-73.94852448,40.67159653,-73.91591644,40.67582321,1,2.5,9.5,0.5,0.5,0.0,0.0,,0.3,10.8,2,1.0,2,2,Brooklyn
963,40423,2,1/1/16,12:53,1/1/16,13:02,N,1,-73.93760681,40.79296494,-73.96987915,40.75733948,1,4.45,14.0,0.0,0.5,0.0,0.0,,0.3,14.8,2,1.0,12,13,Manhattan
964,1527,2,1/1/16,0:47,1/1/16,0:56,N,1,-73.94777679,40.76384354,-73.96336365,40.7616539,1,3.21,11.0,0.5,0.5,3.0,0.0,,0.3,15.3,1,1.0,0,0,Manhattan
965,7950,2,1/1/16,1:15,1/1/16,1:30,N,1,-73.96309662,40.71017838,-73.99293518,40.69754028,5,3.79,14.5,0.5,0.5,3.95,0.0,,0.3,19.75,1,1.0,1,1,Brooklyn
966,23816,2,1/1/16,3:59,1/1/16,4:13,N,1,-73.97949982,40.6779213,-74.00302887,40.64981842,1,2.74,12.0,0.5,0.5,0.0,0.0,,0.3,13.3,2,1.0,3,4,Brooklyn
967,23503,2,1/1/16,3:48,1/1/16,4:05,N,1,-73.95259094,40.71400070000001,-73.91098022,40.68538666,5,3.26,14.0,0.5,0.5,0.0,0.0,,0.3,15.3,2,1.0,3,4,Brooklyn
968,59014,2,1/1/16,21:54,1/1/16,22:02,N,1,-73.95469666,40.79998016,-73.93618774,40.79472351,1,1.18,7.5,0.5,0.5,0.0,0.0,,0.3,8.8,2,1.0,21,22,Manhattan
969,20095,2,1/1/16,3:08,1/1/16,3:17,N,5,-73.92388916,40.80766678,-73.90091705,40.82501221,1,1.9,10.0,0.0,0.0,0.0,0.0,,0.0,10.0,2,2.0,3,3,Bronx
970,41275,2,1/1/16,13:40,1/1/16,13:40,N,5,-73.93430328,40.84627151,-73.93431091,40.84626389,1,0.0,60.0,0.0,0.0,1.0,0.0,,0.0,61.0,1,2.0,13,13,Manhattan
971,18666,1,1/1/16,2:43,1/1/16,3:16,N,1,-73.93154907,40.70375061,-73.98184204,40.75147247,1,7.2,26.5,0.5,0.5,4.2,0.0,,0.3,32.0,1,1.0,2,3,Brooklyn
972,7708,2,1/1/16,1:16,1/1/16,1:25,N,1,-73.94955444,40.68032074,-73.95343018,40.65768814,1,1.94,9.0,0.5,0.5,0.0,0.0,,0.3,10.3,2,1.0,1,1,Brooklyn
973,35814,2,1/1/16,7:52,1/1/16,8:08,N,1,-73.93257141,40.7077446,-73.96376801,40.71042252,1,5.2,17.5,0.0,0.5,0.0,0.0,,0.3,18.3,2,1.0,7,8,Brooklyn
974,870,2,1/1/16,0:36,1/1/16,0:49,N,1,-73.94972229,40.78775024,-73.94264984,40.82188416,1,3.31,13.0,0.5,0.5,1.0,0.0,,0.3,15.3,1,1.0,0,0,Manhattan
975,39132,2,1/1/16,11:39,1/1/16,11:45,N,1,-73.94094086,40.81937027,-73.95087433,40.8057518,1,1.09,6.5,0.0,0.5,1.46,0.0,,0.3,8.76,1,1.0,11,11,Manhattan
976,46958,2,1/1/16,16:46,1/1/16,17:01,N,1,-73.96694946,40.69347763,-73.9493103,40.66320419,1,2.71,12.0,0.0,0.5,2.56,0.0,,0.3,15.36,1,1.0,16,17,Brooklyn
977,3473,2,1/1/16,0:08,1/1/16,0:18,N,1,-73.97679138,40.68281555,-73.99416351,40.69475555,1,1.39,8.0,0.5,0.5,2.0,0.0,,0.3,11.3,1,1.0,0,0,Brooklyn
978,62857,2,1/1/16,23:31,1/1/16,23:35,N,1,-73.90369415,40.7456665,-73.89936829,40.7423172,1,0.5,4.5,0.5,0.5,0.0,0.0,,0.3,5.8,2,1.0,23,23,Queens
979,40158,2,1/1/16,12:35,1/1/16,12:41,N,1,-73.95251465,40.78948212,-73.93475342,40.7974472,1,1.37,7.0,0.0,0.5,0.0,0.0,,0.3,7.8,2,1.0,12,12,Manhattan
980,21661,2,1/1/16,3:30,1/1/16,3:40,N,1,-73.92990875,40.75640106,-73.8964386,40.74665451,1,2.09,9.5,0.5,0.5,0.0,0.0,,0.3,10.8,2,1.0,3,3,Queens
981,10314,2,1/1/16,1:36,1/1/16,1:56,N,1,-73.88442993,40.73790741,-73.80136871,40.69208145,2,6.15,20.5,0.5,0.5,4.36,0.0,,0.3,26.16,1,1.0,1,1,Queens
982,4415,2,1/1/16,0:25,1/1/16,0:31,N,1,-73.94552612,40.81297302,-73.94454193,40.8247757,1,1.42,6.5,0.5,0.5,0.0,0.0,,0.3,7.8,2,1.0,0,0,Manhattan
983,33833,2,1/1/16,6:35,1/1/16,6:44,N,1,-73.95912933,40.69419098,-73.94061279,40.718647,1,2.93,11.0,0.0,0.5,0.0,0.0,,0.3,11.8,2,1.0,6,6,Brooklyn
984,2297,2,1/1/16,0:51,1/1/16,1:06,N,1,-73.97245789,40.68745422,-73.98970795,40.72079849,3,3.39,13.5,0.5,0.5,1.48,0.0,,0.3,16.28,1,1.0,0,1,Brooklyn
985,25276,1,1/1/16,3:00,1/1/16,3:17,N,1,-73.93481445,40.71454239,-73.92422485,40.69181824,1,2.4,12.5,0.5,0.5,4.1,0.0,,0.3,17.9,1,1.0,3,3,Brooklyn
986,16847,2,1/1/16,2:27,1/1/16,2:55,N,1,-73.93186951,40.74450684,-73.99848175,40.74048615,1,5.8,22.5,0.5,0.5,0.0,0.0,,0.3,23.8,2,1.0,2,2,Queens
987,41239,2,1/1/16,13:20,1/1/16,13:38,N,1,-73.90357208,40.74581909,-73.93395996,40.77308655,1,4.28,16.0,0.0,0.5,0.0,0.0,,0.3,16.8,1,1.0,13,13,Queens
988,57289,1,1/1/16,20:16,1/1/16,20:18,N,1,-73.98226929,40.66602325,-73.97870636,40.67033768,1,0.3,3.5,0.5,0.5,0.0,0.0,,0.3,4.8,2,1.0,20,20,Brooklyn
989,16191,2,1/1/16,2:44,1/1/16,2:48,N,1,-73.86979675,40.74923706,-73.8804245,40.74817657,2,0.54,4.5,0.5,0.5,0.0,0.0,,0.3,5.8,2,1.0,2,2,Queens
990,51785,2,1/1/16,18:34,1/1/16,19:06,N,5,-73.85179138,40.83483124,-73.97689819,40.69436646,1,15.84,65.0,0.0,0.0,0.0,5.54,,0.0,70.54,2,2.0,18,19,Bronx
991,40736,1,1/1/16,12:25,1/1/16,12:50,N,1,-73.96308136,40.71172333,-73.97815704,40.77469635,1,6.4,22.5,0.0,0.5,4.0,0.0,,0.3,27.3,1,1.0,12,12,Brooklyn
992,8270,2,1/1/16,1:03,1/1/16,1:34,N,1,-73.8344574,40.71747208,-73.95258331,40.78327942,2,14.3,41.0,0.5,0.5,5.74,5.54,,0.3,53.58,1,1.0,1,1,Queens
993,39995,2,1/1/16,12:11,1/1/16,12:29,N,1,-73.90298462,40.74571991,-73.97665405,40.75751877,1,4.45,16.5,0.0,0.5,0.0,0.0,,0.3,17.3,2,1.0,12,12,Queens
994,62180,2,1/1/16,23:02,1/1/16,23:09,N,1,-73.95689392,40.6703949,-73.9477005,40.6542511,1,1.47,7.0,0.5,0.5,0.0,0.0,,0.3,8.3,2,1.0,23,23,Brooklyn
995,19801,2,1/1/16,3:05,1/1/16,3:10,N,1,-73.95589447,40.80404663,-73.96134949,40.81481934,1,1.42,6.5,0.5,0.5,1.56,0.0,,0.3,9.36,1,1.0,3,3,Manhattan
996,40327,2,1/1/16,12:43,1/1/16,12:54,N,1,-73.99564362,40.69573593,-73.95584869,40.71938705,5,4.1,14.0,0.0,0.5,0.0,0.0,,0.3,14.8,2,1.0,12,12,Brooklyn
997,40317,2,1/1/16,12:46,1/1/16,12:54,N,1,-73.94467163,40.68014526,-73.93738556,40.67621994,1,1.05,7.5,0.0,0.5,0.0,0.0,,0.3,8.3,2,1.0,12,12,Brooklyn
998,22629,2,1/1/16,3:25,1/1/16,3:53,N,1,-73.88307953,40.7477684,-73.78577423,40.69623947,5,11.69,35.0,0.5,0.5,0.0,0.0,,0.3,36.3,2,1.0,3,3,Queens
999,41574,2,1/1/16,13:43,1/1/16,13:59,N,1,-73.99073792,40.70058823,-73.95804596,40.71751404,6,4.22,16.0,0.0,0.5,0.0,0.0,,0.3,16.8,2,1.0,13,13,Kings County
1000,46745,2,1/1/16,16:49,1/1/16,16:52,N,1,-73.92463684,40.76160049,-73.92359161,40.75459671,1,0.66,4.5,0.0,0.5,1.32,0.0,,0.3,6.62,1,1.0,16,16,Queens
